id,sentiment
9352_10,1
3374_7,1
10782_7,1
5414_10,1
10492_1,0
3350_3,0
6581_7,1
2203_3,0
689_1,0
9152_1,0
6077_1,0
4656_4,0
9727_7,1
1297_8,1
5586_8,1
1119_1,0
11241_1,0
4005_10,1
6827_4,0
9011_9,1
11885_1,0
7897_8,1
4613_4,0
12106_10,1
11427_1,0
10135_2,0
4221_8,1
9983_3,0
9788_9,1
7316_1,0
9897_10,0
9654_10,1
2395_7,1
4439_4,0
8516_2,1
9057_3,0
11289_4,0
301_10,1
4155_10,1
8880_3,0
9569_9,1
1510_8,1
1782_4,1
8352_1,1
5983_8,1
11232_1,0
796_3,0
1150_10,1
11268_1,0
10064_10,1
6666_4,1
11471_7,0
9343_1,0
1142_3,0
6403_3,0
5440_2,0
8697_7,1
8459_3,0
6520_7,1
9952_8,1
8605_10,1
10531_10,1
11736_9,1
2614_1,0
2382_1,0
7168_10,1
9060_1,0
1777_10,1
5466_1,0
10533_10,1
5198_3,0
4784_2,0
11761_1,0
292_10,0
5240_1,0
3088_8,1
4032_4,0
2399_7,1
11259_1,0
8437_3,0
1864_1,0
5107_1,0
8157_4,0
2681_3,0
11724_8,1
12397_8,1
4680_10,1
1889_10,1
2511_4,0
9170_1,0
2592_10,1
2493_1,0
1587_2,0
6244_8,1
5971_3,0
2301_10,1
1520_7,1
6235_1,1
2230_10,1
11464_1,0
7700_2,0
2229_7,0
8815_2,0
116_1,0
2090_10,1
10069_1,0
2982_1,0
2119_4,0
3167_7,1
10147_1,0
10018_8,1
2302_9,1
8132_3,0
4414_9,1
7068_8,1
12174_7,1
11950_2,0
2050_7,0
1033_4,0
3476_10,1
6694_10,1
475_1,1
6237_4,0
3160_1,0
1986_10,1
4886_1,0
6752_3,0
9934_3,0
12349_4,0
1052_8,1
11973_4,0
4541_10,0
5169_7,1
6809_1,0
8125_7,1
4802_8,1
5752_1,0
6993_7,0
11220_10,1
4056_4,1
5427_3,0
3027_8,1
6940_4,1
2326_8,1
11211_8,1
5639_7,1
1556_8,1
2977_1,0
10865_7,1
12322_10,1
8273_2,0
12422_1,0
10464_1,0
8473_8,1
10869_7,1
3832_4,1
5514_4,1
6609_1,0
8158_2,0
5225_4,0
6998_4,1
1668_1,0
10392_3,0
5852_7,1
6147_1,0
3856_10,1
12304_10,1
1074_4,0
9219_2,0
11652_10,1
3675_2,0
58_3,0
10468_9,1
4502_7,1
3610_1,0
6390_2,0
8807_9,1
12148_10,1
10771_2,0
6766_3,0
2072_10,1
4794_8,1
11139_8,1
6884_10,1
9135_2,0
11127_9,1
4998_9,1
2795_7,1
5280_8,1
1537_1,0
2342_1,0
725_2,0
5516_3,0
1816_1,0
4682_4,0
225_9,1
3209_1,0
12245_10,1
2729_4,1
3407_2,0
9985_1,0
10091_1,0
454_4,1
12135_10,1
11269_1,0
8520_8,0
3617_2,0
3974_8,1
4364_1,0
7260_10,1
9973_4,0
10851_2,0
12259_7,1
1305_10,1
9277_1,0
7828_10,1
8611_3,0
1171_4,1
4118_10,1
2365_3,0
8514_1,0
6921_1,0
5290_3,0
10942_2,0
937_1,0
2950_10,1
1012_10,1
4379_8,1
802_10,1
9842_1,0
9309_9,0
2290_10,1
5610_7,1
463_4,0
4753_10,1
9239_2,1
8671_7,0
8645_1,0
9440_8,1
6064_3,0
3391_3,1
3028_1,0
9338_3,0
6166_1,0
104_3,0
8551_4,0
7293_10,1
3060_1,0
4625_10,1
10004_8,1
11391_8,1
12368_3,0
9098_10,1
10836_10,1
8931_4,0
7730_7,0
4543_7,0
7679_4,0
3749_1,0
9144_1,0
4104_9,1
1794_7,1
10838_1,0
5086_7,0
12130_4,0
8790_1,1
365_1,0
12456_3,0
4340_2,0
11753_10,1
7325_1,0
5647_10,1
477_4,0
8824_8,1
4684_1,0
10301_8,1
11667_1,0
5112_9,0
6723_10,1
5766_1,0
1583_8,1
3293_10,1
1376_1,0
12003_4,0
11228_10,0
580_3,0
6209_8,1
1407_7,0
4923_7,1
8613_7,1
9998_9,1
8391_1,0
8791_1,0
8495_8,1
7450_9,1
8135_2,0
4451_9,1
3210_3,0
3759_1,0
724_10,1
7881_9,1
60_4,0
418_4,0
5157_1,0
4031_10,1
4106_4,0
5251_7,1
6645_1,0
6478_10,1
1066_10,0
12274_3,0
5424_1,0
3861_10,1
11095_7,1
9457_1,0
422_7,1
4648_9,1
10289_1,0
4565_8,1
10073_4,0
4954_2,0
7573_9,1
11315_4,1
8655_1,0
5345_9,1
1789_3,1
5123_2,0
11698_3,1
1267_7,0
5320_2,0
2500_1,0
9552_8,1
9223_9,1
7481_1,0
11420_9,1
9845_3,0
6662_1,0
11924_10,1
3906_10,1
6725_9,1
5775_3,0
827_4,0
11821_2,0
2985_4,1
6591_3,0
8878_4,0
6648_1,0
3141_10,1
1937_2,1
4759_2,1
7271_7,1
5100_4,0
4969_7,1
6537_1,0
253_7,0
6762_9,1
5162_9,1
11508_1,0
8075_1,0
544_8,0
6505_10,1
4170_1,0
6866_1,0
7970_10,1
1189_4,1
9867_1,0
9844_1,0
12336_3,0
1038_7,1
12058_4,0
2509_9,1
11799_8,0
7071_9,1
291_3,1
1472_1,0
4916_9,1
11700_10,1
10119_2,0
3974_4,1
10154_1,0
8778_3,0
5844_8,1
4225_10,1
2277_4,0
1253_10,1
469_7,0
7591_8,0
6955_10,1
9885_4,0
8305_3,0
4208_10,1
9731_8,1
2490_8,0
8381_8,1
961_1,0
11643_2,1
11574_10,1
11764_3,0
6763_8,1
6844_1,0
6178_3,1
10320_2,0
10006_4,0
8377_1,0
1757_8,1
2425_4,0
424_8,1
6885_1,0
9635_3,0
8370_10,1
8169_4,0
11769_1,0
1283_1,0
2951_8,1
4217_9,1
4507_3,0
10264_4,1
4513_8,0
8758_4,1
7399_10,1
9855_2,0
12417_10,1
2816_7,1
2124_10,1
9682_10,1
2460_1,0
10142_2,0
51_1,0
4852_8,1
1598_8,1
1495_9,1
1592_3,1
9114_1,0
5054_1,0
6961_2,0
10297_3,0
7957_10,1
4109_10,0
7328_2,0
4134_7,1
7627_10,1
4653_10,0
3044_1,0
669_7,1
6721_10,1
5735_2,0
6815_8,1
4623_4,0
5363_1,0
8855_10,1
3876_8,1
7103_1,0
697_2,0
6512_7,1
7292_10,1
3346_2,0
3628_1,0
9402_7,1
11759_10,1
5048_2,0
5341_10,0
3792_8,1
9113_4,0
11098_1,0
6537_7,1
11361_10,1
4992_4,0
160_9,1
1664_4,0
4847_1,0
5259_9,1
11832_7,0
11111_9,1
4818_9,1
3972_7,1
9907_4,0
11456_10,1
654_10,1
988_1,0
7290_3,0
10104_1,0
5371_3,0
8102_1,0
10914_8,1
2366_7,1
6383_3,0
6635_10,1
2907_4,1
4941_10,1
10692_4,0
10150_3,1
4750_7,1
8912_10,0
1116_9,1
8361_4,0
6487_1,0
11318_1,0
6908_2,0
952_3,1
1615_8,1
12158_3,1
2504_10,1
1201_8,1
12062_10,0
7129_10,1
2138_4,0
6252_10,1
1883_7,1
10828_1,0
7349_7,1
2044_1,0
605_8,1
972_9,1
4953_8,1
4528_3,1
2223_3,0
692_8,1
5313_7,1
3259_7,1
3628_8,1
4374_10,1
3678_8,0
2268_1,0
3043_8,1
2163_4,0
12172_3,0
11715_7,1
5809_10,1
7481_10,1
8031_1,0
211_4,0
6530_8,1
8476_1,0
11278_1,0
11950_8,0
3178_4,0
8299_1,1
757_8,1
10448_1,0
8454_3,0
4250_8,1
6804_7,1
7207_7,1
11097_9,0
10001_4,0
12481_8,1
3847_4,1
9033_4,1
9695_1,0
7934_3,0
1846_8,1
11444_10,1
3790_1,0
2901_7,1
1131_7,1
4046_1,1
5172_9,1
298_8,0
11499_1,0
8758_10,1
2646_10,0
4000_10,0
3248_10,0
4266_7,1
9167_7,1
3377_2,1
12246_9,1
7224_3,0
6299_1,0
8534_3,0
11641_1,0
3401_8,1
7505_9,1
10693_4,0
9979_1,0
391_8,1
2621_4,1
1686_10,1
7564_1,0
6434_7,1
859_1,0
487_8,1
7894_10,1
11960_8,1
7252_4,0
7332_7,1
8622_1,0
7635_10,1
11036_8,1
7589_8,1
4386_9,1
11349_4,1
11666_10,1
5007_1,0
3148_4,1
884_8,1
12164_1,0
11250_9,1
1261_8,1
10343_3,1
625_4,0
5474_9,1
9160_8,1
1575_9,0
3074_1,0
2639_7,1
5113_3,1
5539_3,0
8350_3,0
7525_7,1
5397_9,1
6005_4,1
2025_1,0
3119_4,0
4276_4,0
2080_9,1
2129_4,1
10409_2,0
5849_2,1
9653_9,1
7260_1,0
2017_1,0
1177_1,0
4025_9,1
11518_8,0
9470_8,1
1174_4,1
5642_7,0
3086_1,0
4706_8,1
11362_2,0
8460_2,0
2559_1,0
10105_8,1
12084_3,0
1113_10,1
603_1,0
11980_4,1
12005_10,1
1558_1,0
3212_3,0
7614_1,0
1029_3,1
10768_7,1
4402_8,1
8234_7,1
11423_8,1
6015_1,0
11721_1,0
7550_1,1
974_4,1
8779_4,0
11038_3,0
8226_8,0
4420_1,0
2202_10,1
6252_1,0
11155_2,0
1241_7,1
10898_7,1
4828_1,0
5056_8,1
700_8,1
418_9,1
5403_1,0
11327_4,0
10365_1,0
3578_7,1
12341_4,0
11911_10,1
4532_7,1
4938_1,0
1860_9,1
8639_3,0
10422_7,1
4697_7,1
3291_1,0
4327_8,1
7226_8,1
2170_4,1
7388_1,0
9184_10,1
783_1,0
5750_8,1
11473_4,1
11767_8,1
4158_10,1
5785_4,1
9087_1,0
11063_10,1
11194_10,0
1925_9,1
5710_1,0
3162_8,0
2263_10,1
4644_10,0
12346_10,1
4573_10,1
5395_1,0
5467_2,0
2222_4,0
9629_8,0
11982_7,1
4638_10,1
2481_1,0
10868_8,1
3688_8,1
2965_2,0
996_9,1
5600_8,1
4124_8,1
7351_2,0
6949_1,0
6405_7,0
4626_4,0
4919_7,1
5933_7,0
1220_9,1
2187_2,0
4209_7,1
6094_1,0
3580_4,0
9793_1,0
9384_4,1
6244_1,0
7735_1,1
382_10,1
8787_8,1
3195_10,1
4485_10,1
7356_10,1
3796_1,0
8773_8,1
465_1,0
1962_2,0
8722_1,0
6174_2,0
6157_2,0
10829_10,1
10999_1,0
10476_1,0
6556_3,0
11837_2,0
7213_3,0
344_8,1
11822_4,0
11088_7,0
1134_2,0
8075_8,1
7980_3,0
8462_9,1
5842_1,0
4254_2,0
7994_9,1
3801_8,1
2015_2,0
10394_3,0
12295_3,1
9580_3,0
6819_8,1
7214_7,1
3910_2,1
3229_3,0
4962_1,0
10165_3,0
8693_10,1
3418_10,1
11920_3,0
2158_10,1
4035_10,1
7563_1,0
6280_7,0
6676_9,1
782_9,1
3688_2,0
7734_10,1
10580_4,0
3254_3,1
7067_7,1
11461_10,1
9602_10,1
8549_8,0
5530_1,0
1682_7,1
9947_1,0
1034_7,0
7837_10,1
5462_8,1
4402_1,0
10738_4,0
7948_4,0
4925_7,1
9280_1,0
2212_10,1
10988_2,0
5447_4,0
11587_2,0
1077_3,0
5548_7,1
6111_1,0
11023_9,1
12009_3,1
3855_8,1
5649_10,1
4241_2,0
4519_3,1
10268_9,1
227_10,1
6601_4,1
9443_4,0
1781_10,1
4345_10,1
6317_10,1
5134_4,0
11100_4,0
4952_1,0
6416_7,1
9230_8,1
742_1,0
1099_4,0
452_10,1
9752_10,1
5233_4,0
3511_4,0
9972_1,0
3820_8,1
5461_7,1
3890_2,0
4970_3,0
2847_8,1
11310_1,0
2909_10,1
9562_8,1
2393_8,1
10691_7,1
8947_2,0
3930_4,0
7259_7,1
5093_10,0
3421_4,0
11655_3,0
189_9,1
1161_1,0
2412_1,0
5583_8,1
4887_2,0
7586_10,1
3318_3,0
6308_1,0
6037_10,1
2926_8,1
8775_3,0
4863_10,1
8036_8,1
4870_10,1
10143_1,0
960_1,0
2718_9,1
7005_4,1
5741_1,0
2900_1,0
1210_1,0
2774_10,1
10587_1,0
5432_2,1
5009_9,1
7671_1,0
11256_1,0
7121_10,1
160_2,1
162_8,0
1507_8,1
8647_7,0
8633_8,1
8160_7,1
8210_7,1
11864_3,0
6716_3,0
10139_4,0
9117_10,1
1441_2,0
157_1,1
6210_1,0
3521_9,1
4060_4,1
3848_4,0
546_10,1
3261_4,0
3047_7,0
2517_2,0
4892_1,0
2487_10,1
6379_9,1
716_1,0
1181_9,1
7962_4,0
5039_3,0
5532_2,0
1294_1,0
2249_7,1
6900_8,1
3252_9,1
536_10,1
3098_1,0
1751_2,1
6785_1,0
4545_1,0
9296_4,0
4858_8,1
288_10,1
11286_1,0
4000_4,0
1238_7,1
11067_7,0
7423_9,1
6618_8,1
11859_4,0
4015_1,0
11725_10,0
2541_7,1
7008_2,1
1714_1,0
5485_10,1
2216_1,0
10314_4,0
4408_8,1
5738_4,0
3372_3,1
2207_9,1
9741_1,0
10892_7,1
8583_9,1
10281_7,0
10013_1,0
4463_7,1
11445_3,1
11985_10,1
10666_8,1
8859_10,1
2540_2,1
8388_7,0
6234_1,1
7898_10,0
12192_4,0
2827_10,0
7026_7,1
4410_10,1
7811_2,0
3120_8,1
10092_1,0
5441_1,0
1712_9,1
1907_7,1
2394_3,0
8109_2,1
10040_2,0
1327_4,0
11545_8,1
10747_10,1
12295_9,1
4367_4,0
120_8,1
3223_3,1
1098_9,1
4815_2,0
1056_3,1
4588_9,1
2701_1,0
3009_8,1
12318_9,1
4428_10,1
4180_3,0
12200_4,0
10323_10,1
839_7,1
11445_7,1
472_1,0
1713_8,1
723_2,0
10126_2,0
11154_2,0
7356_1,0
6793_4,1
7089_1,0
10334_3,0
128_7,1
9524_9,1
9811_7,1
7440_7,0
11273_9,1
950_1,0
9059_7,0
3178_8,1
10761_10,1
10575_9,1
4321_1,1
11918_10,1
8482_7,1
6142_1,0
3364_1,0
4376_9,1
12072_2,0
6982_9,1
1427_2,0
7842_1,0
5087_7,1
9697_8,1
1505_3,0
6857_4,0
7914_2,0
4752_1,0
8668_4,0
1031_10,1
8759_8,1
10361_7,1
3703_3,0
11502_10,1
7981_4,0
8937_9,1
12341_7,1
2094_10,1
4599_10,1
5386_2,0
3966_9,1
9009_1,0
7302_10,1
7807_1,0
5893_9,1
2908_8,1
12490_8,1
6192_9,1
10199_4,0
3314_10,1
6005_8,1
2009_10,1
9610_4,1
12328_10,1
11633_1,0
4984_8,1
2778_8,1
11619_9,0
5895_10,1
10815_10,1
11564_4,1
11284_8,1
4455_3,0
1783_2,0
8000_10,0
3493_1,0
4380_8,1
8477_3,0
11403_9,1
11367_10,1
52_1,1
7504_4,1
4605_8,1
11045_1,0
10987_8,1
3496_8,0
3856_3,0
5799_10,1
8301_7,0
1286_2,0
8042_7,1
11094_1,0
4357_3,0
12367_2,0
3512_7,1
6409_1,0
12099_9,1
4185_3,0
7263_4,0
3714_1,0
4290_9,1
5610_3,0
5910_8,1
6551_9,1
1196_8,1
2056_9,0
6312_2,1
8525_2,0
7276_2,0
7546_7,0
6177_1,1
6136_10,1
6262_1,0
7882_7,1
8116_1,0
4953_1,0
5407_1,0
6396_9,1
12301_4,0
3185_3,0
7660_1,0
10676_3,0
6042_1,0
9831_8,0
8690_3,0
575_3,0
6167_7,1
1706_9,0
3619_3,0
5900_10,1
6050_10,1
8360_9,1
7927_1,0
5799_1,0
1053_8,1
12473_1,0
7751_7,1
9828_3,1
9942_1,0
6289_1,0
5744_2,0
3865_2,0
12072_10,1
5236_2,0
11203_1,0
4665_10,1
1405_7,0
10872_7,1
6198_7,1
5780_4,0
2310_1,0
6184_7,1
7484_1,0
570_1,0
5181_10,1
10869_1,0
6990_1,0
7013_9,1
8355_2,1
6574_8,0
5725_3,0
11108_10,1
111_10,1
3173_8,0
1679_1,0
11001_10,1
4068_3,0
4978_7,1
3458_10,1
9674_3,0
2656_10,1
6772_10,1
8674_2,0
1884_3,0
763_10,1
4302_8,1
1041_9,1
6974_10,1
4523_10,1
9172_10,1
10672_1,0
11234_10,1
2739_2,0
10186_8,1
4163_3,0
4111_2,0
8357_3,1
3548_8,1
1630_8,1
3449_2,0
8361_8,1
5652_4,0
5549_2,0
2724_1,0
2151_1,0
618_10,1
8803_10,1
7988_1,0
11910_1,0
4939_7,0
11772_10,1
5078_9,0
9376_10,1
11591_2,0
1830_1,0
5904_8,1
7699_2,0
4259_9,1
4117_1,0
7261_8,1
433_10,1
1716_8,1
1718_7,1
3958_1,0
8954_8,1
5681_8,0
10381_10,1
2406_10,0
2761_10,1
897_4,0
911_1,0
2984_4,0
10074_9,0
107_10,1
869_3,0
7225_1,0
8230_4,0
10778_8,1
4471_8,1
5901_4,1
593_9,1
4819_1,0
8327_1,0
2192_9,1
5044_1,0
7467_10,1
9859_10,1
8408_3,0
8382_7,1
12048_10,1
3474_2,0
10226_10,1
6685_10,1
5123_8,1
8054_1,0
651_10,0
897_10,1
10309_3,0
520_1,0
10648_8,1
3444_1,0
12349_10,1
5557_9,0
5518_8,1
11513_8,1
12326_10,1
6177_7,1
3218_4,0
12398_2,0
944_4,0
12015_4,1
9029_1,0
9499_4,0
2081_7,1
5056_2,0
1187_10,1
1529_1,0
10253_1,0
1838_10,1
1334_4,0
245_9,0
4055_10,1
9635_7,0
4845_9,1
3508_8,1
10857_8,1
2249_2,0
4802_1,1
596_7,1
9267_3,0
9634_8,1
8399_2,0
1916_8,1
169_1,0
8732_1,0
1412_2,0
11429_1,0
8230_10,1
3461_9,1
5192_3,0
1520_1,0
5934_10,0
9616_8,1
1527_7,1
11450_1,1
10319_1,0
1492_2,0
4630_9,1
10246_10,0
7100_3,0
6407_1,1
9884_1,1
3871_3,0
8392_8,1
11794_7,1
5018_1,0
7524_9,1
8049_1,0
5132_8,1
9202_8,1
471_7,1
5326_10,1
2213_1,0
6682_4,0
11843_10,1
8541_1,0
1092_2,0
3070_7,1
10490_1,1
4223_4,0
2030_4,0
1126_3,0
1291_4,0
9353_3,0
2279_2,0
11542_7,1
8126_3,0
9437_2,0
8800_10,1
8140_2,0
6531_4,0
4606_7,1
4907_8,1
9112_1,0
7335_1,1
5857_1,0
1967_4,0
7946_10,1
12309_3,1
11894_10,1
11030_8,0
12250_10,1
7695_9,1
10749_8,1
10040_10,1
4906_1,0
1744_10,1
11298_8,1
9513_1,0
3633_10,1
7104_7,1
8566_3,0
10325_1,0
4780_1,1
11248_10,1
1809_10,1
5150_4,0
8548_10,0
9108_1,0
6545_10,1
2947_1,0
9348_1,0
3870_3,1
1439_7,1
3187_1,0
2154_1,0
7540_4,0
8492_9,1
2952_8,1
346_10,1
7680_4,0
4768_4,0
11069_10,1
240_10,1
1277_10,1
11033_1,1
1162_1,1
12403_4,0
4356_8,1
10146_7,1
406_2,0
6894_7,0
9813_8,1
11150_10,1
414_2,0
6889_1,0
684_2,0
1709_3,0
11837_7,1
5063_1,0
5666_10,1
4166_9,1
7250_2,0
5897_1,1
1910_9,1
7822_1,0
5921_7,1
12230_4,0
4794_4,0
208_1,0
8233_8,1
5640_7,1
4295_9,1
9640_2,0
8916_2,0
9455_1,0
6232_10,1
11595_4,0
8856_8,1
12461_9,1
9430_9,1
6706_1,1
3242_1,0
9106_9,1
4093_8,1
11989_10,1
8205_8,1
329_1,0
10561_8,1
788_2,0
3770_10,1
12017_3,0
7640_10,1
147_9,0
3213_1,0
5985_10,1
11756_7,1
12277_10,1
633_4,0
3277_9,1
5906_8,1
9244_8,1
2127_3,1
9630_1,0
4532_1,0
1585_3,0
7209_2,1
12441_4,0
9924_2,0
8038_4,0
1103_4,1
3735_10,1
3011_7,1
9966_1,0
1738_1,0
515_10,1
6105_10,1
6161_1,0
12195_8,1
308_1,0
3564_10,1
6940_10,1
9774_8,0
3655_7,1
1578_1,0
5726_7,1
787_9,1
5231_4,0
9124_10,1
10192_2,0
9395_9,1
9091_10,1
7348_10,1
9257_4,0
4912_8,1
1984_10,1
10657_8,1
6143_3,0
333_3,0
2999_7,1
11920_9,1
7118_3,0
875_10,1
3347_7,1
2754_1,0
5834_4,1
2077_10,1
10665_2,0
762_2,0
6461_10,1
6329_10,1
11455_1,0
7483_10,1
658_1,0
7912_4,0
8547_10,0
6388_7,0
11427_10,1
4450_9,1
5675_9,1
10022_7,1
5366_1,0
3611_10,1
6410_10,1
6945_3,0
8039_1,0
1732_4,0
92_3,0
1014_2,0
1280_10,1
5223_1,0
3793_7,1
407_10,1
5435_10,1
10227_10,0
600_1,0
8505_3,0
8177_8,1
1167_4,0
1379_4,1
4874_10,1
1638_8,1
3829_4,0
9559_8,1
12051_10,0
383_4,0
5374_8,1
4324_7,1
10452_1,0
12478_9,1
8787_4,0
6_1,0
918_10,1
6004_2,0
956_9,1
11012_9,1
3803_4,0
1938_1,0
2489_7,1
1072_4,0
76_3,0
7900_4,0
8838_9,1
6208_1,0
11989_1,0
3975_3,0
6339_1,0
8610_2,0
10571_8,1
729_2,0
1844_3,0
5486_3,0
12177_3,0
7824_1,0
7669_8,0
5197_4,0
7377_3,0
9424_2,0
7819_1,0
6957_1,0
10892_1,0
7345_1,0
8229_1,0
11598_4,0
10_9,1
10997_10,1
2388_3,0
35_8,0
11582_10,1
427_4,0
1906_10,1
383_10,1
4838_1,0
9281_10,1
1753_1,1
5478_9,0
1747_10,1
8217_8,1
4983_7,1
12122_4,0
1113_2,1
6442_1,0
5651_1,0
1841_4,0
10724_8,1
6020_2,0
1036_3,1
6036_1,0
9576_9,1
2953_1,0
1701_4,1
8315_3,1
2673_3,0
1094_4,1
5432_7,1
2635_7,1
4991_10,1
1826_3,0
8845_8,1
7229_7,1
8057_10,1
9487_4,0
11799_2,1
9192_7,1
256_9,1
12117_7,1
1611_1,0
8301_1,0
4412_2,0
4704_8,1
12189_4,0
8290_2,0
2939_10,1
9694_4,1
4774_10,1
5411_1,0
3623_3,0
7715_2,0
9703_2,0
9721_2,0
199_10,1
5438_3,0
10873_8,1
2136_1,0
76_7,0
5430_3,0
8678_4,0
2834_9,1
11994_2,0
11830_4,0
8793_10,1
3504_4,0
4391_4,1
6643_7,1
3251_1,0
3333_4,1
4218_3,0
8814_10,1
8285_1,0
2631_1,1
6295_7,1
7696_8,1
7818_9,1
4434_1,0
12225_1,0
2257_1,0
4223_8,1
2218_1,1
2117_1,0
1486_7,1
4680_4,0
6361_10,1
3674_8,1
444_10,1
7185_3,0
12231_10,0
8975_1,1
3177_4,0
11691_4,0
2352_9,1
12159_7,0
5556_4,0
9673_7,0
9273_1,0
11730_10,1
11769_7,1
9808_9,1
1759_4,0
3328_7,0
5034_4,0
7701_4,0
10908_10,1
9097_1,0
9444_3,0
10422_1,0
6266_8,0
7106_8,1
2267_1,0
6987_1,0
3705_10,1
4151_10,1
5337_9,1
10894_4,0
8183_7,0
8459_10,1
11645_2,1
5460_8,1
5665_4,1
12144_8,1
4672_10,1
9310_10,0
6082_4,0
10037_1,0
9997_7,1
3702_9,1
6028_1,0
1135_3,0
1331_7,1
486_9,1
5177_8,1
8208_2,0
5328_8,1
8463_9,0
9010_7,1
622_10,1
102_1,0
1306_7,0
11507_2,0
1342_1,0
7473_9,1
8600_1,0
8875_9,1
10125_1,0
795_4,1
4599_2,0
1523_9,1
2556_1,0
8022_1,0
837_7,1
91_1,0
8879_7,0
11831_7,1
119_4,1
647_3,0
1234_2,0
8202_10,1
1854_10,1
9665_2,0
6336_4,1
8806_3,0
420_4,0
2624_7,1
1678_3,0
11204_1,0
3275_1,1
6038_10,0
12067_1,0
9245_2,1
4709_9,1
10423_1,0
8894_10,1
10506_10,1
8663_7,1
4967_10,1
10787_10,1
7148_10,1
8474_10,1
11157_7,0
12487_3,1
11955_4,0
6659_10,1
10803_3,0
3931_4,0
3030_9,1
7916_8,0
2547_10,1
12242_10,1
2596_1,0
10006_7,1
5003_4,0
4936_8,1
5507_4,1
3451_4,1
6229_3,0
8416_1,0
6629_1,0
10748_10,1
11312_2,0
3553_4,0
435_8,1
11296_8,1
225_2,0
6195_10,1
1859_3,0
11647_2,1
8971_9,1
3603_1,0
6210_10,1
923_2,0
6364_1,0
5576_3,1
4060_10,1
6275_2,0
4192_4,0
11043_1,0
7682_2,0
2585_2,0
6995_4,0
4478_8,1
2780_9,1
2146_9,1
5560_2,0
4707_1,0
5650_10,1
12005_1,0
9460_1,1
869_7,1
1054_3,1
230_9,1
1838_2,0
5173_3,0
6510_4,0
1375_8,1
1468_9,0
4663_8,1
9765_1,0
2672_7,1
1223_1,0
4454_9,1
1647_1,0
10528_3,0
12047_10,1
9315_1,0
5421_7,1
7987_2,0
11372_1,1
12258_1,0
3988_7,1
12406_2,0
3193_9,1
5072_3,0
1717_3,0
8676_8,1
8056_1,0
4483_8,1
10316_8,1
5790_7,1
9890_3,0
11305_8,1
11692_1,0
11893_10,1
11275_10,0
3698_3,0
6532_4,0
10376_7,1
4994_9,1
3845_4,1
10489_4,1
1672_8,1
11745_1,0
12446_3,1
8090_9,1
10886_4,0
5563_1,0
2294_8,1
11115_1,0
9114_10,1
9664_10,1
8701_2,0
10996_8,1
10752_1,0
5972_3,0
4520_7,1
1411_4,0
8596_3,0
10905_8,0
1522_8,1
2661_10,1
110_10,1
2_9,1
8013_1,0
1224_9,1
10910_2,0
7139_10,1
864_9,1
11804_4,0
10861_4,0
503_10,1
136_4,0
3575_10,1
23_7,1
11133_10,1
10480_10,1
363_1,0
10008_2,0
10981_2,0
1636_10,1
5748_10,1
6932_7,1
11251_10,1
989_4,0
2612_10,1
2208_7,0
3810_4,0
8242_3,0
2654_10,1
4744_9,0
5357_8,1
7571_3,1
7435_4,0
12373_2,0
6571_3,0
1163_7,1
10310_2,0
12360_4,1
275_3,0
8898_8,1
2911_10,1
10099_1,0
2741_10,1
10544_4,0
5535_8,1
11987_4,0
7373_4,0
3126_10,1
8221_9,1
620_10,1
8765_10,1
10383_10,1
6972_9,1
9538_2,0
9920_3,1
8022_8,1
7497_4,1
10324_9,1
5916_2,1
3334_4,0
3236_7,1
5572_4,0
4865_3,1
11873_8,1
3157_10,1
9294_7,1
3774_8,1
8207_10,1
7018_3,0
11543_1,0
2659_1,0
2159_4,0
1003_10,1
9375_4,1
3838_7,0
3378_7,1
7866_10,0
5539_10,0
8601_10,1
10173_1,0
9632_8,1
5969_10,1
1870_1,1
3756_8,1
11993_1,0
4102_10,1
4037_2,0
5482_1,0
3156_9,0
4347_8,1
9068_9,1
3131_7,1
10704_4,0
1519_1,0
7711_10,0
6864_3,0
9945_1,0
7580_1,0
4027_10,1
9268_3,0
2863_1,0
3937_8,1
2796_10,1
9056_8,1
1830_8,1
6331_3,0
8199_2,0
9222_4,1
5591_2,0
5765_9,0
2177_8,1
9015_4,0
393_8,1
2304_9,1
2897_4,0
6438_1,0
7733_1,0
12129_7,1
9738_8,1
3982_1,0
2917_7,1
11448_2,0
10581_10,1
4880_4,1
3128_9,1
4309_8,1
10097_1,0
5894_4,0
5414_2,0
8511_10,1
11504_8,1
7691_2,0
3466_7,1
6392_3,0
9641_9,1
4256_4,1
8840_10,1
7542_2,0
3842_7,1
3345_1,0
5581_4,0
5104_10,1
2958_1,0
10081_1,0
3461_2,0
10602_4,0
3715_7,1
3085_10,1
914_3,0
5908_2,1
3230_4,0
9447_8,1
8774_4,1
5382_7,1
5030_9,0
51_10,1
10171_3,0
6933_9,1
9761_10,1
6411_10,1
7189_4,0
3563_8,1
8771_7,1
8327_9,1
825_10,1
10130_10,1
2919_1,0
4231_7,1
2837_8,0
7907_3,0
11568_7,1
1739_10,1
4213_1,1
7865_3,0
11418_7,1
10578_7,1
12324_10,1
1464_4,0
1110_9,0
10357_8,1
514_10,1
10305_4,0
7682_8,1
5686_9,1
6169_10,1
7757_9,1
9378_9,1
3222_4,1
12385_7,1
5250_10,1
7066_8,1
9006_7,1
4313_4,0
8331_4,0
2728_3,0
122_1,0
7081_2,0
7250_8,1
4486_7,1
8515_2,0
2669_1,0
7076_10,1
10854_4,1
1040_1,0
9795_7,1
1664_10,1
6483_1,0
8147_4,0
7068_3,0
4281_10,1
5513_7,1
3213_10,1
2638_1,0
11532_3,0
3584_4,0
9315_7,1
1362_4,1
11277_1,0
3425_1,0
6307_3,0
453_3,1
7937_2,0
92_9,1
5829_10,1
741_1,0
9891_1,1
2925_1,0
4672_3,1
6592_10,1
1651_2,0
8966_1,0
8431_9,1
1516_7,1
274_2,0
9852_7,1
10469_1,0
12355_2,0
380_10,1
3226_10,0
12437_1,1
8482_1,0
4185_8,0
5444_1,0
1974_4,1
5820_7,1
1506_7,1
12097_4,0
9032_8,1
9204_10,1
6847_3,1
9173_1,0
2503_1,0
9389_4,0
12186_1,1
2223_8,0
8865_4,0
1892_8,1
0_9,1
4042_7,1
3848_8,1
11142_1,0
2946_10,0
9671_10,1
6459_3,0
6641_1,0
1266_8,1
2983_2,0
2915_1,0
11834_7,1
1795_2,0
7789_3,0
6981_9,1
11325_4,1
1721_1,0
1205_3,0
8069_8,1
8_7,0
6329_1,0
5412_2,1
889_10,1
8521_10,1
125_1,0
5450_1,0
5900_4,0
4460_9,1
4652_9,0
8444_1,0
7353_1,0
8626_1,0
2640_2,0
12277_3,0
8734_1,0
3043_1,0
7165_10,1
8173_1,0
11027_4,0
12108_9,1
6221_3,0
1836_2,0
8963_8,1
7826_8,1
5445_10,1
6722_2,0
8908_10,1
3698_10,1
7693_9,1
10443_3,0
4237_10,1
285_10,0
2007_7,0
5999_7,1
11701_3,0
4352_10,1
8150_10,1
4846_7,1
2898_1,0
12286_7,0
9532_10,1
11471_3,0
3992_2,0
3806_4,0
2165_7,0
1879_10,1
11830_9,1
1545_10,1
11067_2,0
11853_7,0
9160_1,0
12460_7,1
10122_7,0
3172_2,0
4444_10,0
6929_8,1
12059_3,1
10165_7,1
10270_1,0
5945_10,0
9284_8,1
970_10,1
4775_3,0
4894_2,0
11472_7,0
5537_10,1
2646_3,0
1510_3,0
7643_4,0
4651_3,1
11253_1,0
1424_10,0
11257_7,0
3858_10,1
3920_9,1
10208_7,1
7503_7,1
10250_10,0
11897_9,1
6692_9,1
2987_10,1
1374_1,0
5196_4,0
10619_1,0
11870_1,1
11226_4,0
10199_7,1
1952_8,1
10143_8,1
8514_7,1
10729_8,0
9585_10,1
958_9,1
11610_10,1
5989_7,1
8973_3,1
11714_10,1
9661_8,1
2194_3,0
10444_1,0
9861_10,1
4397_3,1
8112_1,0
11344_3,0
5506_10,1
5593_10,1
749_10,1
2558_10,1
963_4,0
11947_9,1
990_9,0
967_3,0
551_1,0
6457_4,0
6465_4,0
2132_4,0
5094_8,1
1746_1,0
11227_1,0
5229_10,0
12257_8,1
6569_7,1
10468_1,0
1115_9,1
6798_9,1
6003_8,1
11266_1,0
7363_9,1
3918_10,1
6254_3,0
8842_9,1
7238_9,1
10045_1,1
6907_8,1
2359_1,0
928_10,1
803_4,0
10647_8,0
7321_2,0
12440_1,0
206_10,1
2530_2,0
8632_4,0
5488_2,0
2474_1,0
3044_7,0
6035_10,1
4115_8,0
4654_2,0
12218_1,0
863_2,0
6353_1,0
8958_10,1
9800_9,1
7187_8,1
6652_3,0
3198_3,0
4260_9,1
11371_10,1
9063_8,1
2936_3,0
6459_10,1
878_7,0
8903_3,0
5347_7,1
5508_10,1
3795_1,0
11065_8,1
10291_4,0
4869_10,1
10547_9,1
11758_7,1
3302_10,1
7192_1,0
659_10,1
11042_7,0
11040_2,0
12079_2,0
6938_4,0
3723_1,0
12207_1,0
8692_2,1
10524_4,0
8032_10,1
10285_10,1
2205_8,0
3682_8,1
5945_1,0
5031_3,0
2371_8,0
1151_1,0
9323_10,1
1116_3,0
1493_1,0
3691_3,0
12248_4,0
8708_3,0
7449_1,0
1662_7,1
933_10,1
10127_1,0
7233_4,0
9063_2,0
9878_7,0
1984_1,0
2082_10,1
3450_7,0
10342_2,0
2129_8,1
2235_1,0
4975_1,0
7406_2,0
505_2,0
11338_3,0
10624_7,1
10624_1,0
4147_8,1
711_4,0
7963_9,1
10519_1,0
12259_1,0
11777_9,1
11548_4,1
6442_9,1
2262_1,0
4432_2,0
1245_2,0
11748_8,0
6422_7,1
9219_10,1
10183_1,0
6871_4,0
2933_3,0
12057_1,0
3621_1,0
12132_10,1
12132_4,0
4159_1,0
12429_1,0
4330_1,0
2932_4,0
443_10,1
3388_7,1
9572_8,1
8524_10,1
6452_1,0
5409_10,1
525_1,0
6846_1,0
2828_3,0
3862_4,0
674_10,1
8828_10,1
2963_8,1
2483_1,0
9159_1,0
1073_2,0
6684_1,0
5923_7,0
6352_2,0
9919_9,1
9407_4,0
5561_3,0
2093_3,0
6668_2,0
5215_2,0
8561_3,1
6488_10,1
1945_8,0
6712_2,0
7986_4,1
1269_2,0
8146_10,1
8560_1,0
7747_1,0
8420_9,1
2475_3,0
5466_8,1
2386_8,1
8059_10,1
793_2,0
6326_10,1
6742_4,1
4391_8,0
10517_8,1
10009_1,0
2860_9,1
359_8,1
2469_10,0
8962_9,1
4297_1,0
2341_8,1
820_10,1
8721_1,0
1806_4,1
5209_8,1
8388_1,0
1213_10,1
5278_7,1
3625_2,0
1937_10,0
4095_8,1
6804_1,0
9596_1,0
8178_8,1
10774_8,1
154_8,1
5309_1,0
8411_7,1
9909_7,1
1005_3,0
4712_7,1
7088_1,0
2992_7,1
3971_8,1
9476_4,0
2344_9,1
9283_8,1
3849_4,1
11415_8,1
8647_1,0
6777_4,1
504_8,1
5661_2,0
12209_7,1
583_8,1
6467_7,1
5882_1,0
10002_1,0
9750_10,1
7790_9,1
2222_10,1
9326_2,0
5224_10,0
10617_8,1
11021_1,0
4297_9,1
10383_2,0
7224_8,1
9743_1,0
5823_10,1
244_4,1
10251_10,1
3113_1,0
5605_7,1
6955_1,0
12262_3,0
9977_4,0
8143_10,0
11996_1,1
3636_8,1
2761_1,0
11312_9,1
6479_10,1
7837_4,0
8338_3,0
1045_8,1
6539_1,0
3955_1,0
11891_9,1
7387_7,1
12253_9,1
10852_10,1
8845_3,0
9964_10,0
352_10,1
959_4,0
10975_3,0
966_2,0
7924_9,0
9400_8,1
7732_4,1
4722_1,0
11726_9,0
377_1,0
4627_7,1
883_9,1
10166_2,1
11728_2,0
10159_7,1
147_4,0
2175_1,0
1958_4,0
2901_1,0
10859_4,0
12188_4,0
4504_9,1
11340_4,1
1372_7,1
8609_3,0
1734_2,1
11336_7,0
6497_1,0
4452_4,0
10367_4,0
3724_1,1
4499_9,1
6082_9,1
4392_9,1
12012_2,0
3976_10,1
11157_3,0
2536_1,0
5789_9,1
797_1,0
1010_10,1
6634_2,0
11343_4,0
7284_8,0
5075_7,0
7908_2,0
8319_10,1
7273_8,1
5620_3,0
518_3,1
27_1,0
1657_9,1
8978_10,1
4090_3,0
11498_7,1
276_2,0
5927_4,0
10835_10,1
7222_8,1
7928_4,0
9030_10,1
8621_10,1
2433_8,1
1868_1,0
6751_8,1
10153_9,1
2092_3,0
9103_1,0
2371_3,0
11106_1,0
5198_7,1
8664_1,0
1300_1,0
4088_1,0
4396_10,1
10463_10,1
9496_10,1
11291_10,0
7566_1,0
7561_2,0
1014_9,1
8320_8,1
5301_8,1
10318_7,1
4924_7,1
12162_8,1
11404_10,1
2803_10,1
11863_10,1
11943_1,0
11031_8,1
9897_4,0
6747_8,1
3291_8,1
7145_1,0
3957_10,1
4702_1,0
9869_3,1
9194_9,1
5138_10,1
9314_10,1
1964_7,0
1907_2,0
208_9,1
5853_10,0
7588_8,1
1367_1,0
6787_9,1
10231_1,0
10454_1,0
11945_3,1
5854_1,0
5091_1,0
10792_9,1
10507_10,1
5898_8,1
9651_3,0
11880_10,1
10380_4,1
942_2,0
7579_8,1
8493_1,0
6654_1,0
9291_7,1
12371_1,0
7143_2,0
12465_9,1
3116_2,0
7378_4,0
4677_9,1
11501_8,0
420_7,1
2836_1,0
9234_4,1
11963_10,1
1955_1,0
2439_2,0
168_1,0
11300_4,0
2626_4,0
4395_10,1
3981_10,1
12415_8,1
11810_7,1
4600_10,1
399_2,0
6136_2,1
2267_8,1
7337_10,1
8687_2,0
12339_4,0
9648_8,1
3024_1,0
909_8,1
3590_1,0
4328_3,0
7940_7,1
12083_3,0
9534_10,1
11613_2,0
8344_10,1
10962_3,0
8902_7,1
7389_10,1
8085_7,0
1823_1,0
8468_3,0
11941_8,1
5282_4,0
8359_4,1
8939_1,0
6201_1,0
6712_9,1
191_3,1
1451_2,0
5216_8,1
10923_1,0
12032_8,1
4357_10,1
7754_2,0
5274_3,1
4053_8,1
8448_10,1
2054_9,1
9500_7,1
10693_8,1
11694_7,0
2022_4,0
3410_3,0
758_2,1
1793_4,0
1840_10,1
7570_10,1
8172_1,0
2038_7,0
3246_4,0
1963_4,0
6434_3,0
10696_7,1
12018_3,0
8470_2,0
2317_1,0
7101_2,0
10160_4,0
7010_10,0
8522_2,0
324_1,0
930_7,1
7007_8,0
9431_10,1
7773_1,0
9546_8,0
9818_7,0
9463_10,1
4857_7,1
12050_2,0
5036_9,1
3505_1,1
7256_3,1
1922_9,1
5950_4,0
1594_8,1
7938_7,0
11177_3,0
4769_7,1
8645_8,1
4154_10,1
823_4,0
5139_4,0
3366_1,0
2943_1,0
3411_1,0
4383_9,1
4955_9,0
6285_1,0
3533_10,1
6218_7,1
10546_1,0
2714_10,1
11395_4,1
3563_4,0
5925_3,1
8502_1,0
2133_10,1
5943_10,1
7050_3,0
11941_4,0
512_10,1
2201_3,1
10273_2,0
506_2,0
11685_8,1
915_4,0
1153_10,1
9931_4,0
11703_1,0
3046_4,0
2458_2,0
10231_10,0
4077_1,0
49_4,0
9387_9,1
4115_1,0
7056_4,0
1796_2,0
4462_9,1
5628_7,0
3777_4,0
9208_7,0
4895_10,1
1594_1,0
337_9,1
298_4,0
10650_8,1
5785_10,0
7485_8,1
10454_9,1
1850_10,1
4465_2,0
9354_9,1
5461_3,1
1906_1,0
7448_8,1
3622_8,1
685_8,1
12267_8,1
2165_4,0
7319_10,0
4337_7,0
5111_10,1
6114_7,1
11439_3,0
368_10,1
7368_1,0
6215_7,1
1323_1,0
11455_8,1
1031_2,0
3082_1,0
9675_4,0
5797_3,0
9265_9,1
5736_7,0
3778_10,0
11777_3,1
573_1,0
3646_8,1
11376_2,0
5887_7,1
12265_10,1
7555_7,1
7531_8,1
7623_4,0
6032_2,0
8227_1,0
2006_3,0
6285_7,1
5839_3,0
1369_4,1
9362_1,0
3206_4,0
11965_4,0
411_2,0
1304_7,0
11306_8,1
2707_1,0
8999_4,0
10413_10,1
6338_1,0
3076_1,0
10726_1,0
3641_4,0
5577_8,0
1828_3,0
9758_4,1
8127_8,1
407_4,1
2036_4,0
638_10,1
998_7,1
2675_1,0
11132_10,1
1555_1,0
4910_1,0
1954_10,1
6217_8,1
7342_7,1
7575_10,1
9977_7,1
4918_7,0
4072_1,0
3739_2,0
7113_2,0
3612_1,0
10059_4,1
2354_1,0
2566_1,0
6039_3,0
6544_10,1
6427_3,0
11707_10,1
10928_7,1
11904_1,0
10215_10,1
3613_8,1
10475_1,1
3396_3,0
11479_10,0
9718_4,0
10063_9,1
5510_1,0
9203_1,1
6766_8,1
602_10,1
3270_1,1
8064_10,1
1985_10,1
10654_1,0
3503_7,1
6727_9,1
7417_2,0
10150_9,1
2172_2,0
1976_10,1
1815_2,0
8050_10,1
7311_9,1
6882_9,1
1717_8,1
11424_1,0
834_8,1
1398_7,1
5826_10,1
9492_7,0
7390_2,0
238_10,1
8556_7,0
3469_4,0
9923_7,1
122_9,1
8255_3,0
2221_8,1
12407_1,0
7559_10,1
2850_9,1
1663_9,1
3452_8,1
2969_10,1
4875_3,1
2071_4,0
5411_10,1
11525_1,0
10285_3,0
6909_1,0
10299_4,1
10917_4,1
143_2,0
4440_7,1
5157_7,1
9611_3,0
9649_1,0
9127_7,1
11975_7,1
1478_4,0
6661_7,1
1707_2,0
4583_7,0
2375_2,0
2573_10,1
7922_7,1
7048_10,1
11145_1,0
7240_1,0
4969_3,0
3994_4,0
2156_1,0
3458_1,0
590_3,0
4526_10,1
5725_9,0
2393_2,0
7786_8,1
12023_4,1
5439_10,1
7797_10,1
1060_4,0
3648_4,0
3037_7,1
1582_8,1
10997_1,0
10321_10,1
11322_9,1
7882_1,0
8703_3,0
12439_1,0
1675_4,0
8246_3,1
9479_2,0
5658_4,1
3394_10,0
75_1,0
6056_2,0
5562_2,0
7800_1,0
5279_1,0
7028_2,0
2894_4,0
548_7,1
6795_9,1
3674_1,0
10496_10,1
1823_7,1
2206_2,0
3369_4,1
1438_4,0
5830_2,0
9135_9,1
4667_10,1
8395_3,0
2409_9,1
11775_10,1
1055_10,0
10388_7,0
10520_9,1
7885_1,0
11829_10,1
11446_2,1
2672_4,0
12196_3,0
10736_10,1
9853_1,0
9140_2,0
7795_1,0
6142_9,1
2303_8,1
12036_7,0
1569_2,0
2881_8,1
9666_1,0
1206_10,1
9550_1,0
9464_8,1
9121_3,1
12239_10,1
9129_4,1
4186_7,0
7654_10,0
6624_1,0
3262_8,0
8967_4,0
4987_10,1
7234_8,1
10742_9,1
3889_2,0
9914_4,0
1366_8,0
9364_9,1
10786_3,0
578_3,0
7688_1,0
280_8,1
8632_9,1
11378_8,1
11320_10,1
9963_10,1
10515_9,1
8973_9,1
8024_4,1
11049_8,1
1028_3,0
5304_10,1
9249_9,1
11453_9,1
8739_9,1
5757_8,0
1868_10,1
339_10,1
2622_4,0
5872_9,1
4929_3,0
3888_10,1
5668_3,0
1706_3,0
4669_10,1
6690_1,0
8336_1,0
6789_8,0
11423_1,0
7553_10,1
1863_10,1
9642_4,0
6717_7,1
7364_7,0
8578_2,1
9609_7,1
11740_10,1
8068_9,1
3795_9,1
1311_4,0
6496_1,0
8286_1,1
5948_8,1
1282_9,1
6638_4,0
4536_1,0
10630_1,0
141_3,0
2945_10,1
12494_1,0
11165_8,1
5331_10,1
9814_10,1
429_3,1
9025_9,1
11654_4,0
2111_7,1
12101_4,0
3991_4,0
4442_4,0
6192_1,0
264_2,0
12389_1,0
9243_4,0
6418_1,0
7079_1,0
2612_2,1
2474_10,1
8092_3,1
2274_9,1
8192_1,0
12063_10,1
12142_9,1
2323_3,0
6833_2,0
799_8,1
3332_8,1
78_10,0
8934_10,1
11208_4,1
4898_7,1
2376_4,1
11706_10,1
8933_4,1
8817_8,1
9023_10,1
3783_4,1
4739_7,1
8383_1,0
4863_2,0
7110_8,1
10834_7,1
10738_9,0
4052_1,0
954_4,1
9154_1,0
9155_1,0
11672_10,1
4319_1,1
541_7,0
1994_10,1
3058_9,1
12394_10,1
5010_1,0
495_7,1
6786_1,0
858_1,0
11706_3,0
5669_1,0
11718_1,0
7821_1,0
30_7,1
3598_10,1
3817_8,1
1657_1,0
3113_9,1
5469_7,0
11833_1,0
8437_10,1
9507_10,1
8035_1,0
10845_10,1
9598_4,1
4998_3,1
7786_1,0
6100_2,0
11309_3,0
4879_10,1
2967_1,1
9991_10,1
11016_7,1
10_2,0
1705_10,0
3270_8,1
5732_7,1
3048_1,0
7715_8,1
12483_9,1
5281_10,1
6476_4,0
7268_4,0
2990_2,0
1784_10,1
7781_8,1
12272_7,1
3435_10,1
6922_3,1
12001_8,1
12091_8,1
11260_7,1
10365_8,1
939_2,0
10220_7,0
11578_10,1
334_4,0
4852_1,0
11738_2,0
9279_7,1
2228_1,0
2925_10,1
9207_1,1
10550_4,0
2101_4,0
1055_2,0
12060_3,0
12489_1,0
3894_10,1
7823_7,1
9019_8,1
2946_1,0
3624_10,1
5711_8,1
5692_7,1
11631_1,1
11562_2,1
11160_1,0
10656_4,0
3668_7,1
7320_10,1
3140_1,0
10945_1,0
380_4,0
2937_3,0
3139_1,0
405_3,0
6228_1,0
1702_1,0
1729_8,1
1526_1,0
112_1,0
1909_1,0
7915_8,1
7309_1,0
10042_1,0
11681_9,1
6388_4,0
9549_1,0
11235_8,1
10629_10,1
10605_1,0
2010_3,0
6744_8,1
5152_9,1
11027_10,1
5537_3,0
10922_10,1
6507_10,1
9408_3,0
4466_8,1
2856_1,0
6065_10,0
5568_8,0
2972_7,1
995_3,0
9589_4,0
101_8,1
7052_8,1
12313_10,0
12325_9,1
11081_1,1
5088_8,1
67_10,1
10720_2,0
7016_4,0
5655_1,1
3697_7,1
928_1,0
3902_10,1
947_10,1
9500_2,0
11550_7,1
2314_7,1
4487_1,0
6830_4,0
11134_1,0
6330_10,1
10703_3,0
5542_9,1
11467_10,0
12329_1,0
2839_10,1
5111_1,0
10166_7,0
3134_3,0
10683_7,1
1915_10,1
9145_10,1
2643_10,0
1269_8,1
3301_3,0
9806_1,0
3912_3,0
5545_8,1
8464_1,0
10129_1,0
3157_4,0
2520_10,1
203_7,1
5258_10,1
1542_10,1
658_10,1
3203_10,1
9954_8,1
7000_7,1
3320_2,0
11429_7,1
7139_1,0
682_10,1
681_1,0
5275_4,0
7963_4,0
5363_9,1
5431_3,0
1822_3,0
8950_4,0
11228_4,1
10158_7,1
11114_1,0
6378_8,1
11573_10,1
4644_1,0
6373_10,1
8893_4,0
1123_1,0
1782_7,1
8575_2,0
4166_3,0
2751_10,1
5922_1,1
10192_8,1
1853_8,1
5011_1,0
11187_9,1
4481_8,1
1551_4,1
6525_2,0
1169_8,1
5844_1,0
3272_4,0
8272_7,0
87_4,1
1196_1,0
11537_7,1
1600_7,1
3921_1,0
7397_8,1
8728_4,0
6300_4,0
580_9,1
5834_9,1
3247_3,0
9736_3,0
8835_1,0
4156_1,0
1372_1,0
5644_2,0
5622_2,1
12077_8,1
5298_8,1
677_1,0
9612_4,0
3239_10,0
3485_3,0
9070_7,1
2096_10,1
11115_10,1
1240_1,0
7858_10,1
7478_10,1
8956_8,1
4135_1,0
8005_4,0
5032_10,1
3853_1,0
10655_3,0
2970_10,1
5037_4,0
4014_10,1
11757_9,1
5927_9,1
11661_7,1
8964_1,0
6224_7,1
2786_2,1
9900_4,1
3592_3,0
1479_8,1
9045_9,0
10044_9,1
2806_10,0
2879_1,0
6558_8,1
10418_9,1
616_7,1
6529_7,0
947_2,1
9542_10,0
4613_10,1
10529_10,1
10218_3,1
5788_1,0
10878_1,0
10499_10,1
8037_10,1
11236_8,1
44_8,1
4457_4,1
9782_4,0
8043_1,0
2467_10,1
10017_9,0
959_7,1
4928_7,1
11485_10,0
11221_10,1
1753_9,1
2357_10,1
11486_8,1
844_8,1
269_1,0
103_7,1
11699_10,0
10123_10,1
7610_3,1
766_10,1
8642_8,1
1667_1,0
2022_9,0
11210_1,0
2720_7,1
461_8,1
7969_10,0
3230_8,1
12411_7,1
8463_1,0
6247_10,0
7051_10,0
6074_7,1
5265_1,0
6420_7,1
5548_4,1
1911_3,0
9504_2,0
7338_7,1
2521_10,0
9874_8,1
581_4,0
4078_2,0
575_10,0
10135_7,0
9473_10,1
5946_4,0
9909_3,0
1905_1,1
1049_3,0
2502_8,1
7536_10,0
8096_10,1
6576_8,1
4203_8,1
6433_7,1
1683_7,0
356_10,1
675_9,1
10298_9,1
3631_7,0
11442_1,0
3110_8,0
4841_2,0
3593_3,0
755_10,1
6568_9,1
4431_4,1
195_8,1
7425_9,1
1365_2,0
11056_10,1
3367_1,0
7485_4,0
3941_3,1
11568_4,0
10992_1,0
5523_1,0
6593_1,0
3699_10,1
8832_7,1
4525_8,1
2306_1,0
11957_1,0
581_10,1
736_4,0
5863_1,0
9017_3,0
7940_1,1
10418_1,0
2804_8,1
8823_1,1
11045_9,1
8769_7,1
5567_7,0
12302_7,1
8095_8,1
11272_10,1
10960_8,1
1834_8,1
4582_7,0
961_9,1
3391_7,1
4688_3,0
4224_4,1
4723_1,0
12182_8,1
3_10,0
11345_2,0
11370_1,0
11377_9,1
4171_4,0
3928_3,0
9047_4,1
11512_1,0
3085_1,0
5164_10,1
9127_1,0
707_3,0
12456_10,1
3416_4,0
8148_8,0
5234_10,0
12493_1,0
4951_1,0
10109_10,1
4040_8,1
6470_3,0
6031_3,0
12050_10,0
7123_10,1
5706_2,1
10591_10,1
8985_9,1
10077_10,1
2106_10,1
171_1,0
9205_1,0
11178_7,0
7758_4,0
9415_4,0
7849_9,1
2097_4,0
11304_7,1
5553_4,0
1977_1,0
10579_10,1
10992_10,1
4728_1,0
4180_10,1
7531_4,0
4657_10,1
4142_1,0
4111_10,1
11988_4,0
7310_1,0
9903_9,0
2140_10,1
10673_10,1
10959_10,1
3549_3,0
2330_4,1
5573_2,0
7552_10,1
9319_8,1
12249_8,1
3375_3,1
3785_3,0
11141_10,1
4914_1,0
10843_1,0
10161_2,0
11697_10,0
9666_10,1
1649_1,0
9581_2,0
5153_8,1
1402_4,0
3097_9,1
9655_1,0
4023_3,0
1777_3,0
4751_8,0
12062_4,1
2402_7,0
7583_7,0
5520_9,1
7287_2,1
10916_3,0
11476_10,0
2690_9,1
4563_8,1
8862_3,0
10534_7,1
2407_2,0
7692_2,0
3169_8,0
5816_3,1
12484_8,1
5578_10,1
4457_8,1
3778_3,0
10536_4,0
2541_1,0
1221_4,0
5800_2,0
1255_3,0
1210_8,1
1776_1,0
6936_2,0
759_1,0
5451_8,0
2100_7,1
10401_10,1
10053_4,0
5376_7,0
7744_10,1
6399_7,1
12488_8,0
1401_3,0
10993_1,0
7836_8,1
5439_2,0
1227_8,1
11186_2,0
9238_4,1
9675_8,1
10875_2,0
11425_1,0
7946_4,0
962_2,0
11876_10,1
3316_10,1
9763_4,1
4178_4,0
8055_8,0
4528_8,1
9579_4,0
889_3,1
4796_1,0
229_1,0
1574_9,1
7174_9,1
4975_8,1
2099_10,1
1472_8,1
9550_7,1
5193_9,1
7773_10,1
7511_9,1
2849_7,1
9242_10,0
9341_4,0
2744_3,0
1570_8,1
3129_1,0
9752_1,0
503_2,0
10196_1,0
11247_2,0
12049_10,1
5458_4,0
4313_9,0
6721_3,0
5285_7,1
7377_9,1
3827_10,1
6170_10,1
685_1,0
11531_10,1
1358_4,0
6693_1,0
331_1,0
4272_2,0
11791_8,1
1280_4,1
1819_9,1
2649_7,1
5047_8,1
4192_10,1
3225_10,1
8597_1,0
3862_9,1
10715_8,1
8259_9,1
475_10,1
1237_8,1
2351_10,1
2777_2,0
12490_1,0
8850_4,1
5167_3,0
7509_8,1
12318_1,0
11895_1,0
8796_8,0
9226_8,1
3772_10,1
7719_9,1
539_4,1
9929_7,0
7958_10,1
1295_10,1
6273_9,1
4531_8,1
4624_4,0
2623_1,0
9521_10,1
8052_9,1
4596_2,0
1648_10,1
7_3,0
6140_2,0
6188_9,1
2688_1,0
3685_3,0
5483_2,0
5585_1,0
3518_1,0
11737_8,0
8476_10,1
6316_2,0
10229_3,0
7800_8,1
8972_10,1
10092_8,1
8033_1,0
6666_7,1
7635_1,1
9598_10,1
10951_1,0
7642_1,0
4612_10,1
4990_1,0
1043_3,0
6462_2,0
6835_2,0
8269_1,0
6545_4,1
2418_2,0
3315_10,1
7093_1,0
7160_1,0
3151_2,0
8596_7,1
940_1,0
8102_7,1
8394_1,0
1829_1,0
6756_10,1
2353_10,1
1490_1,0
9401_1,0
1138_10,0
4018_7,1
10335_8,1
9631_4,0
2406_2,0
1032_7,0
5987_8,0
2722_8,1
1787_2,0
4822_9,1
5987_1,0
10877_10,0
2251_8,1
7007_4,0
8025_9,1
6176_9,1
1898_9,1
530_10,1
2577_10,1
11725_4,0
11295_9,1
12180_10,1
6259_8,1
4204_10,1
2607_1,0
8390_8,1
7032_3,0
748_1,0
3321_7,1
9414_3,1
12093_8,1
10133_7,0
6359_4,1
9637_2,0
6850_7,0
1330_1,1
7211_1,0
5746_1,0
12161_3,1
4861_1,0
10635_1,0
3620_1,0
4451_1,0
6702_8,0
8087_8,1
2235_10,1
11347_3,0
7375_7,0
5687_7,1
10797_8,1
10842_7,1
1350_9,1
9123_10,1
5344_7,1
9767_3,0
12436_3,0
9015_8,1
5117_10,1
1414_10,1
6354_1,0
10868_3,0
1093_2,0
12085_8,1
11556_7,1
8526_4,0
1943_10,1
1001_8,1
6732_4,0
2186_1,0
3667_8,0
8267_7,1
7577_4,1
7253_10,1
4877_9,1
9436_2,0
4362_7,1
7294_1,0
12343_2,0
11980_10,1
5239_3,0
612_10,1
7016_7,1
6969_2,0
4845_1,0
12378_1,0
7135_10,1
9212_1,0
388_1,0
9519_3,0
7562_10,1
4475_1,0
11196_7,1
8710_7,1
7928_10,0
10637_10,1
12206_2,0
7875_7,1
4782_9,1
983_7,1
7776_1,0
4673_1,1
11099_10,1
6417_1,0
11080_1,0
4211_8,1
9999_8,1
12030_9,1
8920_10,0
7154_3,0
12266_4,1
5911_9,0
3125_1,0
53_10,0
4210_9,1
3545_7,1
7231_8,1
9240_10,0
7424_10,1
7094_1,0
9306_1,0
11251_2,0
12036_1,0
1039_9,1
7793_10,0
11618_1,0
7511_1,0
2916_9,1
7182_1,0
8191_4,0
2336_10,1
8911_8,0
1540_10,1
4226_3,0
5852_3,0
6358_1,1
4920_4,1
1316_9,0
1087_1,0
2895_9,1
7707_9,1
2161_10,1
3962_4,1
12418_10,1
9226_4,0
657_10,1
1951_1,0
11279_1,0
9103_10,1
915_10,1
5349_7,1
6112_7,0
4947_8,1
6121_10,1
3079_10,1
7426_1,0
84_3,0
5871_4,0
6523_1,0
3984_7,1
6595_2,0
4840_4,0
1124_10,0
1040_10,1
10009_9,1
1900_8,1
5622_10,0
5802_10,1
5232_8,1
8892_10,1
331_10,1
6070_8,1
3728_10,1
12244_1,0
11040_7,0
4957_8,1
1669_8,1
6567_2,1
11296_3,0
9883_8,1
1811_10,1
6117_10,0
6911_10,1
3286_10,1
2457_2,1
370_1,0
4662_4,0
4949_3,1
12236_2,0
6492_10,1
5455_1,0
6682_10,1
4670_9,1
10028_2,1
3177_9,1
7930_7,0
5778_9,1
8106_7,1
2613_2,0
243_3,0
2486_10,1
8070_8,1
9182_10,1
9331_9,1
11760_8,1
11147_9,1
11002_1,0
10433_4,0
920_10,1
2734_9,1
7441_7,1
11482_9,0
8122_3,1
5005_1,0
5632_8,1
2876_10,1
8827_8,1
10778_3,0
8946_1,0
6878_8,0
2207_3,0
747_1,0
6932_4,0
2678_8,0
2664_1,0
6243_1,0
6575_8,1
4174_9,1
10625_7,1
10464_7,0
10244_7,1
10056_8,1
86_4,0
10891_7,1
8333_9,1
6233_9,1
9088_4,0
9212_9,1
4786_10,1
240_1,0
10378_8,1
6610_8,1
12387_10,1
94_1,0
750_1,0
6608_1,0
37_3,0
9371_7,1
9061_7,0
6656_10,1
6445_10,1
3211_7,0
4123_7,1
12288_9,1
3804_10,1
7955_10,1
7230_1,0
10506_1,0
2467_4,0
6874_8,1
264_7,1
11731_10,1
149_10,0
5398_8,1
8780_10,1
6416_4,0
1941_1,0
2674_7,1
10222_9,1
3970_2,0
7492_1,1
2088_8,1
9090_1,0
7210_1,0
4950_3,0
9993_4,0
434_4,0
10282_2,0
992_7,1
1042_1,0
954_10,1
6347_3,1
1491_9,1
5200_10,1
8683_1,0
1577_9,1
6596_1,1
7608_10,1
6790_3,0
4808_8,1
11547_9,1
6597_1,0
12160_4,0
8679_4,0
10311_3,0
11373_8,1
9797_7,1
1661_8,0
1119_10,1
7889_3,0
4873_8,1
4779_1,1
7853_9,1
10402_1,0
12281_2,0
1209_10,0
3898_10,1
6202_1,0
11747_8,1
5520_1,0
5811_9,1
8160_1,0
8241_2,0
998_2,0
2529_2,0
9245_8,1
5818_7,0
939_10,1
4055_3,0
5662_10,1
11663_8,1
460_2,0
8802_3,0
11683_3,1
11386_8,1
10157_10,1
9149_9,1
5242_7,1
571_10,1
1923_10,1
2607_9,1
2064_1,0
10715_4,0
2247_10,1
3763_3,0
884_4,1
6263_1,0
4340_8,1
9574_9,1
5699_1,0
10209_3,0
5915_1,1
12303_9,1
3112_7,0
7021_10,1
3590_8,0
11263_10,1
709_10,1
9872_10,1
7568_10,1
10057_9,0
9875_7,1
4274_10,0
5979_3,1
656_10,1
9564_1,0
11854_7,0
1629_10,0
7398_10,1
9396_9,1
2921_10,1
9139_8,1
2579_8,1
11451_8,1
10733_7,1
10136_7,0
10696_3,1
8822_10,1
784_10,1
8091_9,1
12381_8,1
8597_9,1
951_2,0
4971_7,1
9395_2,0
11287_3,0
641_8,1
7624_4,1
4685_7,1
3105_3,0
12002_10,0
10405_8,1
7527_4,0
3432_8,1
9469_10,1
9478_1,0
12152_2,0
11824_1,0
10332_1,0
10990_7,1
10567_9,1
1080_9,1
5392_3,0
8386_1,0
1245_7,0
9384_8,1
6679_8,0
1539_10,1
11678_8,1
7140_10,1
9368_3,0
10099_10,0
304_4,1
11084_10,1
11368_1,0
5351_2,0
4452_8,1
1203_4,0
3075_1,0
2595_9,1
3916_3,0
8877_9,1
10012_1,0
9080_3,0
10481_2,0
1989_1,0
3501_1,0
2411_9,1
1633_9,1
1642_10,1
6590_9,1
4854_1,1
10839_2,1
5843_3,0
3816_7,1
9144_7,1
732_1,0
3659_3,0
10286_1,1
11434_2,0
2058_1,0
10404_9,1
7152_9,1
4255_9,1
6586_10,1
4246_4,0
10734_10,1
10844_9,1
1070_1,0
2990_10,1
10673_2,0
5364_10,1
2265_7,1
9645_8,1
5575_8,0
15_1,0
5649_2,0
8111_3,1
7902_4,0
3368_1,0
823_9,1
5136_10,1
1891_8,1
8582_1,1
6832_10,1
9667_2,0
7868_3,0
6962_1,0
9991_4,0
4889_10,1
4288_9,1
2431_1,0
10993_10,1
11615_9,1
1393_2,0
5235_1,1
7667_7,1
3976_1,0
9651_9,0
8252_9,1
10688_1,0
10269_7,1
4760_7,0
9516_8,1
7218_9,1
3033_8,1
10501_10,1
1660_4,0
3425_8,0
7727_3,0
10856_8,1
4250_3,1
2046_1,0
10471_10,1
7333_10,1
5138_1,0
6559_1,0
1983_1,0
3689_8,1
964_8,1
9525_1,0
8917_2,0
1805_1,0
1408_2,0
11731_4,1
6641_8,1
11182_3,0
11244_4,0
6249_7,0
5418_10,1
9643_10,1
945_2,0
8573_10,1
2487_1,0
3086_10,0
4552_9,1
9461_1,0
608_8,1
270_10,1
888_8,1
12251_3,0
3488_7,1
6768_8,1
12013_10,1
6760_2,1
5204_8,0
10049_1,0
5187_1,0
9336_4,1
5364_3,0
3314_1,0
5612_1,0
873_1,1
577_8,1
10913_7,1
7651_1,0
2826_10,1
3191_1,0
8697_2,0
10548_3,0
282_9,1
2630_3,1
5684_1,0
572_9,1
8039_8,1
7446_8,1
4893_10,1
6837_10,1
5779_10,1
11912_2,0
2361_10,0
6497_10,1
11231_10,1
12026_8,1
7494_10,1
4489_9,1
6905_1,0
4662_8,1
11017_4,0
8349_1,0
5168_1,0
4019_7,0
3815_7,1
521_10,1
2545_8,1
4501_7,1
11044_7,1
10694_7,1
762_9,1
6791_10,1
9053_2,0
6066_10,1
11209_8,1
3642_1,0
7533_10,1
11464_10,1
8229_10,1
7533_3,0
9256_10,1
6800_9,1
1849_1,0
6394_1,0
6019_8,1
8055_3,1
3571_1,0
19_4,0
9344_8,1
10500_10,1
2868_7,1
2255_4,0
11197_1,0
4881_9,1
11938_3,1
10017_4,0
1994_2,0
5855_9,1
2712_2,0
2719_4,0
10602_10,1
11337_10,1
11452_1,0
4168_4,0
110_1,0
10294_8,1
11527_1,0
6003_2,0
12109_4,0
623_3,0
12269_8,1
11072_8,1
6816_7,0
11999_3,1
11259_10,1
3606_9,1
5936_10,1
4135_10,1
3046_10,0
2104_2,0
2253_2,0
2809_8,0
2636_9,1
10523_2,0
4891_1,0
10903_10,1
11099_4,0
7726_10,1
7217_1,0
8552_9,1
4193_3,1
5398_1,0
10648_4,1
7525_2,0
2283_4,0
1767_1,0
12059_9,1
6535_10,1
9791_9,1
6352_10,1
1530_2,0
11097_2,0
8330_1,0
10284_9,1
118_2,0
7336_2,0
886_8,1
9241_3,0
10871_7,1
687_9,1
3329_7,1
10152_9,1
12359_8,1
139_4,1
10532_4,1
2464_4,0
6700_1,1
9345_1,0
10567_2,0
10961_9,1
3281_10,1
9017_8,1
1666_2,0
2940_3,1
6406_4,0
7374_10,1
8819_1,0
8581_10,1
6710_1,0
8968_1,0
5865_1,0
395_1,0
6931_3,0
2360_10,1
12046_1,0
11693_7,0
9978_1,0
8831_4,0
3052_10,1
11601_8,1
6091_7,1
3356_4,1
2358_9,1
6334_8,1
6757_4,0
11307_1,0
9657_10,1
7652_3,1
584_8,1
891_10,1
12377_10,1
5756_8,1
12009_10,1
12087_1,0
2918_3,0
9262_3,0
8441_10,1
6623_7,1
1764_10,1
9517_10,1
12003_10,1
4809_3,0
3256_4,0
9528_9,1
9867_10,1
7627_4,1
6395_3,0
1541_8,1
12351_4,1
4848_4,0
8400_2,0
6785_8,1
406_8,1
9416_10,1
4799_10,1
236_1,0
6494_10,1
11710_4,1
1449_9,1
4629_10,1
6139_1,0
5566_2,0
4761_4,0
4556_2,0
505_9,1
9236_1,0
3660_1,0
5615_8,1
10426_9,1
872_9,1
5452_4,0
6859_7,1
10608_2,0
10395_8,1
1616_4,1
291_10,0
4481_1,0
1214_3,0
5001_7,1
5211_4,0
55_9,1
12452_1,0
8191_8,1
9841_4,0
10497_4,0
3422_1,0
7685_10,1
10658_4,0
7521_7,0
3447_1,0
149_1,0
6555_2,0
12285_4,0
2636_1,0
11358_9,1
4421_8,1
7108_3,0
9833_8,0
10614_1,0
1731_10,1
3489_2,0
10084_10,1
3807_4,0
7382_2,0
486_1,0
5387_3,0
11004_1,0
5662_3,0
5687_1,0
5066_8,1
10889_10,1
6233_4,0
3340_8,1
11264_1,0
9502_3,0
1085_7,1
5268_1,0
6801_9,1
1932_10,1
4466_2,0
11528_7,1
4714_10,1
10316_3,0
236_9,1
7972_1,0
10682_1,0
11380_7,1
2893_10,1
11461_1,0
9317_8,0
2527_9,1
10258_10,0
6481_10,1
2588_3,0
2448_8,0
8714_10,1
5570_10,0
659_1,0
4272_10,1
10879_1,0
144_2,0
6550_4,0
10984_10,1
1100_3,0
1194_1,0
9564_10,1
8542_2,0
3585_2,1
12171_7,1
4262_10,1
8435_1,1
3852_2,0
5956_3,0
8638_7,0
12124_1,0
10538_8,1
4912_4,0
6673_2,0
11627_1,0
10169_2,0
7031_10,1
3272_8,1
10674_1,0
11592_10,1
8678_9,1
9924_9,1
3039_1,0
11436_9,1
10831_7,1
8606_2,0
9056_1,0
6944_9,1
9290_9,1
1851_10,1
2367_8,0
145_2,0
8254_1,0
5334_7,1
3548_3,1
6566_8,1
11005_10,1
5059_7,1
8583_4,0
7207_1,0
10449_9,1
9492_4,0
5175_2,0
9263_1,0
9772_10,1
4342_10,1
5592_2,0
1249_9,0
2285_1,0
9258_10,1
2671_7,1
1462_1,0
10754_4,0
7743_8,1
7114_4,0
2676_1,0
3190_7,1
5936_3,1
10968_7,1
9563_9,1
12252_10,1
6651_1,0
11789_1,0
1211_7,1
2458_8,1
178_7,1
2920_8,1
5932_2,1
12485_8,1
7927_10,0
4764_1,0
3958_7,1
2929_10,1
10650_1,0
7698_1,0
11141_1,0
4268_1,0
2108_10,1
5996_3,0
3941_9,1
7045_1,0
8208_8,1
984_7,0
9830_2,0
11608_1,0
2120_8,1
6138_1,0
11175_2,0
10499_1,0
7190_4,0
4361_2,0
2647_4,0
6310_10,1
4919_3,0
2111_2,1
432_8,1
8802_7,1
11881_9,1
9955_9,1
11062_2,0
6747_1,0
8886_3,0
11540_10,1
5814_8,0
2381_9,1
7759_3,0
3630_4,0
9495_8,0
8196_8,1
7166_2,0
10633_1,0
319_1,0
8713_10,1
2486_3,0
6811_10,1
11744_9,1
7369_1,0
12081_1,0
3561_4,0
4489_1,0
3951_2,0
3304_10,1
9607_4,0
4574_1,0
9526_2,0
4900_8,1
5641_7,1
261_8,1
5784_8,1
1742_7,1
375_2,1
9945_8,1
3888_3,0
4948_2,0
12073_9,1
584_3,0
3991_7,1
6227_7,1
8715_10,1
210_4,1
8199_10,1
2899_1,0
803_10,0
10911_1,0
9821_8,0
6398_8,1
2886_1,0
6719_2,0
11537_4,0
2254_1,0
524_10,1
5631_8,1
12185_3,0
2397_4,0
9658_3,0
6818_10,1
5787_4,0
9785_3,0
12331_8,1
4764_10,1
11679_7,1
1062_10,1
9501_2,0
11032_7,0
9006_4,0
4146_10,1
11744_1,0
365_10,1
4529_8,1
3176_4,1
5975_1,0
10969_10,1
4294_2,0
6644_8,1
12327_1,0
8281_7,0
7293_3,0
2907_7,1
879_2,0
12031_7,0
11921_2,0
4157_8,1
3636_1,1
10167_7,0
9948_8,1
10954_10,0
5122_3,0
533_2,0
9447_1,0
9984_9,1
2784_1,0
9595_10,1
3659_9,1
7850_8,1
6844_10,1
6926_10,1
1156_9,1
4606_3,0
10296_8,1
7091_1,0
12492_7,1
2245_4,1
6075_2,0
9036_10,1
10775_8,1
5370_7,1
9586_3,1
12307_10,0
9213_7,1
10241_8,1
4453_10,1
2484_10,1
691_3,0
7636_2,0
3459_4,0
10644_3,0
4587_1,0
8914_8,1
11760_2,0
5509_10,1
8628_4,0
8190_4,0
5747_8,1
5997_9,1
1897_10,0
1328_10,1
8660_1,0
6705_10,1
11140_1,0
1635_7,0
7601_4,1
7741_9,1
1141_10,1
6953_7,0
7827_10,1
12220_8,1
1195_1,0
2243_4,0
2447_10,1
4299_8,1
8683_9,1
9064_4,0
6187_2,0
9263_8,1
10222_4,1
302_4,0
8063_10,1
3316_2,0
10986_1,0
10692_8,1
5714_1,0
7155_3,0
5678_1,0
7093_10,1
7852_9,1
12361_7,0
699_4,0
2116_10,1
57_4,0
8469_7,0
8617_9,1
7961_10,1
5145_4,0
11790_1,0
356_4,1
12001_1,0
7347_1,0
11058_10,1
1265_2,0
905_10,1
7391_2,0
4459_7,1
1251_4,0
4533_3,0
8380_9,1
1652_3,0
7124_8,1
5210_10,0
5390_9,1
10588_10,1
6245_1,0
5125_7,1
4838_10,1
9179_3,0
3110_1,0
10059_10,1
7355_10,0
2384_1,1
4640_3,0
5106_4,0
12026_1,0
3679_7,1
7845_10,1
7984_1,0
3519_7,1
9587_3,0
4108_2,0
9083_8,1
3673_3,0
7092_1,0
4476_9,1
7036_10,1
6183_7,0
2993_10,1
9403_1,0
3880_8,1
691_9,1
10711_10,1
11390_10,1
7884_1,0
454_8,1
4653_2,0
3238_1,0
3692_1,0
10883_7,1
4308_1,0
1065_10,1
8412_4,0
2604_8,1
7261_3,1
11075_10,1
11438_10,1
3107_8,1
5937_4,0
3397_4,0
9174_4,0
5259_1,0
11913_10,1
10936_8,1
2903_1,0
5813_4,0
8062_8,1
1324_7,1
12125_1,0
7201_1,0
5669_10,1
4332_10,1
3481_10,1
5016_1,0
1375_1,0
5559_1,0
8442_9,1
1333_1,0
6384_2,0
11939_4,0
7243_2,0
7860_10,1
1835_2,0
1064_10,1
3768_10,1
7057_9,1
4176_10,0
7461_10,1
11117_10,1
730_1,0
9118_10,1
5113_10,1
9933_1,0
2197_7,0
4640_10,1
9365_9,1
9703_9,1
8109_10,1
9802_10,1
3067_1,0
9915_2,0
10114_1,0
5048_9,1
12215_10,1
6182_7,1
10005_7,1
11710_10,1
12002_1,0
7668_10,1
6958_7,0
9083_1,0
6615_8,1
7980_10,1
6303_8,1
9280_9,1
2041_2,0
3161_10,1
7532_4,1
1397_7,1
1184_3,0
7061_1,0
3402_2,0
11416_10,1
9389_7,1
9251_9,1
1422_10,1
7415_2,0
7492_7,1
7689_10,1
12370_4,0
5625_8,0
9397_9,1
5992_7,1
2488_10,1
9627_10,1
3822_2,0
5983_4,1
8021_2,0
3471_3,0
6034_10,1
1988_9,1
7623_9,0
5974_7,0
2034_9,1
9416_3,1
10994_1,0
10957_3,0
2372_1,0
3453_3,0
5064_1,0
10905_3,0
10194_3,1
8478_8,1
8001_10,1
376_4,1
8352_9,1
5963_3,0
4737_3,0
2594_3,0
9224_3,0
8219_1,0
12254_2,0
12256_4,0
3284_10,1
12251_9,1
9722_2,0
6996_4,0
6418_10,1
5415_10,1
2047_1,0
8592_7,0
4226_10,1
90_7,0
811_10,1
9001_1,0
8501_1,0
10350_10,0
3049_9,0
5879_10,1
1365_8,1
1110_4,0
1228_9,1
7383_1,0
11699_1,0
6067_10,1
7247_4,0
2456_8,1
10232_1,0
5813_8,1
10646_8,1
4682_9,1
4152_1,0
1020_10,1
10933_1,0
6772_4,1
7495_2,1
7329_3,0
3437_1,0
11755_7,0
8634_9,1
6308_8,1
7761_2,0
794_8,1
8347_10,1
7357_10,1
10317_7,1
11541_10,1
1692_8,1
2346_4,1
11815_10,1
5583_4,1
827_7,1
1578_8,1
1231_7,1
5098_9,1
607_3,0
8346_1,0
6776_7,1
8530_1,1
6730_10,0
6413_3,0
9731_4,0
2851_4,0
6572_3,1
4810_3,0
8827_4,1
2880_1,0
11485_2,0
4112_9,1
5541_9,1
10637_2,1
1115_1,0
369_10,1
7107_2,0
12262_7,1
11035_8,0
4780_9,1
4936_1,0
10526_3,0
6055_1,0
1326_10,1
4212_10,1
10458_10,1
10029_10,1
1730_10,1
