,id,sentiment
0,9352_10,
1,3374_7,
2,10782_7,
3,5414_10,
4,10492_1,
5,3350_3,
6,6581_7,
7,2203_3,
8,689_1,
9,9152_1,
10,6077_1,
11,4656_4,
12,9727_7,
13,1297_8,
14,5586_8,
15,1119_1,
16,11241_1,
17,4005_10,
18,6827_4,
19,9011_9,
20,11885_1,
21,7897_8,
22,4613_4,
23,12106_10,
24,11427_1,
25,10135_2,
26,4221_8,
27,9983_3,
28,9788_9,
29,7316_1,
30,9897_10,
31,9654_10,
32,2395_7,
33,4439_4,
34,8516_2,
35,9057_3,
36,11289_4,
37,301_10,
38,4155_10,
39,8880_3,
40,9569_9,
41,1510_8,
42,1782_4,
43,8352_1,
44,5983_8,
45,11232_1,
46,796_3,
47,1150_10,
48,11268_1,
49,10064_10,
50,6666_4,
51,11471_7,
52,9343_1,
53,1142_3,
54,6403_3,
55,5440_2,
56,8697_7,
57,8459_3,
58,6520_7,
59,9952_8,
60,8605_10,
61,10531_10,
62,11736_9,
63,2614_1,
64,2382_1,
65,7168_10,
66,9060_1,
67,1777_10,
68,5466_1,
69,10533_10,
70,5198_3,
71,4784_2,
72,11761_1,
73,292_10,
74,5240_1,
75,3088_8,
76,4032_4,
77,2399_7,
78,11259_1,
79,8437_3,
80,1864_1,
81,5107_1,
82,8157_4,
83,2681_3,
84,11724_8,
85,12397_8,
86,4680_10,
87,1889_10,
88,2511_4,
89,9170_1,
90,2592_10,
91,2493_1,
92,1587_2,
93,6244_8,
94,5971_3,
95,2301_10,
96,1520_7,
97,6235_1,
98,2230_10,
99,11464_1,
100,7700_2,
101,2229_7,
102,8815_2,
103,116_1,
104,2090_10,
105,10069_1,
106,2982_1,
107,2119_4,
108,3167_7,
109,10147_1,
110,10018_8,
111,2302_9,
112,8132_3,
113,4414_9,
114,7068_8,
115,12174_7,
116,11950_2,
117,2050_7,
118,1033_4,
119,3476_10,
120,6694_10,
121,475_1,
122,6237_4,
123,3160_1,
124,1986_10,
125,4886_1,
126,6752_3,
127,9934_3,
128,12349_4,
129,1052_8,
130,11973_4,
131,4541_10,
132,5169_7,
133,6809_1,
134,8125_7,
135,4802_8,
136,5752_1,
137,6993_7,
138,11220_10,
139,4056_4,
140,5427_3,
141,3027_8,
142,6940_4,
143,2326_8,
144,11211_8,
145,5639_7,
146,1556_8,
147,2977_1,
148,10865_7,
149,12322_10,
150,8273_2,
151,12422_1,
152,10464_1,
153,8473_8,
154,10869_7,
155,3832_4,
156,5514_4,
157,6609_1,
158,8158_2,
159,5225_4,
160,6998_4,
161,1668_1,
162,10392_3,
163,5852_7,
164,6147_1,
165,3856_10,
166,12304_10,
167,1074_4,
168,9219_2,
169,11652_10,
170,3675_2,
171,58_3,
172,10468_9,
173,4502_7,
174,3610_1,
175,6390_2,
176,8807_9,
177,12148_10,
178,10771_2,
179,6766_3,
180,2072_10,
181,4794_8,
182,11139_8,
183,6884_10,
184,9135_2,
185,11127_9,
186,4998_9,
187,2795_7,
188,5280_8,
189,1537_1,
190,2342_1,
191,725_2,
192,5516_3,
193,1816_1,
194,4682_4,
195,225_9,
196,3209_1,
197,12245_10,
198,2729_4,
199,3407_2,
200,9985_1,
201,10091_1,
202,454_4,
203,12135_10,
204,11269_1,
205,8520_8,
206,3617_2,
207,3974_8,
208,4364_1,
209,7260_10,
210,9973_4,
211,10851_2,
212,12259_7,
213,1305_10,
214,9277_1,
215,7828_10,
216,8611_3,
217,1171_4,
218,4118_10,
219,2365_3,
220,8514_1,
221,6921_1,
222,5290_3,
223,10942_2,
224,937_1,
225,2950_10,
226,1012_10,
227,4379_8,
228,802_10,
229,9842_1,
230,9309_9,
231,2290_10,
232,5610_7,
233,463_4,
234,4753_10,
235,9239_2,
236,8671_7,
237,8645_1,
238,9440_8,
239,6064_3,
240,3391_3,
241,3028_1,
242,9338_3,
243,6166_1,
244,104_3,
245,8551_4,
246,7293_10,
247,3060_1,
248,4625_10,
249,10004_8,
250,11391_8,
251,12368_3,
252,9098_10,
253,10836_10,
254,8931_4,
255,7730_7,
256,4543_7,
257,7679_4,
258,3749_1,
259,9144_1,
260,4104_9,
261,1794_7,
262,10838_1,
263,5086_7,
264,12130_4,
265,8790_1,
266,365_1,
267,12456_3,
268,4340_2,
269,11753_10,
270,7325_1,
271,5647_10,
272,477_4,
273,8824_8,
274,4684_1,
275,10301_8,
276,11667_1,
277,5112_9,
278,6723_10,
279,5766_1,
280,1583_8,
281,3293_10,
282,1376_1,
283,12003_4,
284,11228_10,
285,580_3,
286,6209_8,
287,1407_7,
288,4923_7,
289,8613_7,
290,9998_9,
291,8391_1,
292,8791_1,
293,8495_8,
294,7450_9,
295,8135_2,
296,4451_9,
297,3210_3,
298,3759_1,
299,724_10,
300,7881_9,
301,60_4,
302,418_4,
303,5157_1,
304,4031_10,
305,4106_4,
306,5251_7,
307,6645_1,
308,6478_10,
309,1066_10,
310,12274_3,
311,5424_1,
312,3861_10,
313,11095_7,
314,9457_1,
315,422_7,
316,4648_9,
317,10289_1,
318,4565_8,
319,10073_4,
320,4954_2,
321,7573_9,
322,11315_4,
323,8655_1,
324,5345_9,
325,1789_3,
326,5123_2,
327,11698_3,
328,1267_7,
329,5320_2,
330,2500_1,
331,9552_8,
332,9223_9,
333,7481_1,
334,11420_9,
335,9845_3,
336,6662_1,
337,11924_10,
338,3906_10,
339,6725_9,
340,5775_3,
341,827_4,
342,11821_2,
343,2985_4,
344,6591_3,
345,8878_4,
346,6648_1,
347,3141_10,
348,1937_2,
349,4759_2,
350,7271_7,
351,5100_4,
352,4969_7,
353,6537_1,
354,253_7,
355,6762_9,
356,5162_9,
357,11508_1,
358,8075_1,
359,544_8,
360,6505_10,
361,4170_1,
362,6866_1,
363,7970_10,
364,1189_4,
365,9867_1,
366,9844_1,
367,12336_3,
368,1038_7,
369,12058_4,
370,2509_9,
371,11799_8,
372,7071_9,
373,291_3,
374,1472_1,
375,4916_9,
376,11700_10,
377,10119_2,
378,3974_4,
379,10154_1,
380,8778_3,
381,5844_8,
382,4225_10,
383,2277_4,
384,1253_10,
385,469_7,
386,7591_8,
387,6955_10,
388,9885_4,
389,8305_3,
390,4208_10,
391,9731_8,
392,2490_8,
393,8381_8,
394,961_1,
395,11643_2,
396,11574_10,
397,11764_3,
398,6763_8,
399,6844_1,
400,6178_3,
401,10320_2,
402,10006_4,
403,8377_1,
404,1757_8,
405,2425_4,
406,424_8,
407,6885_1,
408,9635_3,
409,8370_10,
410,8169_4,
411,11769_1,
412,1283_1,
413,2951_8,
414,4217_9,
415,4507_3,
416,10264_4,
417,4513_8,
418,8758_4,
419,7399_10,
420,9855_2,
421,12417_10,
422,2816_7,
423,2124_10,
424,9682_10,
425,2460_1,
426,10142_2,
427,51_1,
428,4852_8,
429,1598_8,
430,1495_9,
431,1592_3,
432,9114_1,
433,5054_1,
434,6961_2,
435,10297_3,
436,7957_10,
437,4109_10,
438,7328_2,
439,4134_7,
440,7627_10,
441,4653_10,
442,3044_1,
443,669_7,
444,6721_10,
445,5735_2,
446,6815_8,
447,4623_4,
448,5363_1,
449,8855_10,
450,3876_8,
451,7103_1,
452,697_2,
453,6512_7,
454,7292_10,
455,3346_2,
456,3628_1,
457,9402_7,
458,11759_10,
459,5048_2,
460,5341_10,
461,3792_8,
462,9113_4,
463,11098_1,
464,6537_7,
465,11361_10,
466,4992_4,
467,160_9,
468,1664_4,
469,4847_1,
470,5259_9,
471,11832_7,
472,11111_9,
473,4818_9,
474,3972_7,
475,9907_4,
476,11456_10,
477,654_10,
478,988_1,
479,7290_3,
480,10104_1,
481,5371_3,
482,8102_1,
483,10914_8,
484,2366_7,
485,6383_3,
486,6635_10,
487,2907_4,
488,4941_10,
489,10692_4,
490,10150_3,
491,4750_7,
492,8912_10,
493,1116_9,
494,8361_4,
495,6487_1,
496,11318_1,
497,6908_2,
498,952_3,
499,1615_8,
500,12158_3,
501,2504_10,
502,1201_8,
503,12062_10,
504,7129_10,
505,2138_4,
506,6252_10,
507,1883_7,
508,10828_1,
509,7349_7,
510,2044_1,
511,605_8,
512,972_9,
513,4953_8,
514,4528_3,
515,2223_3,
516,692_8,
517,5313_7,
518,3259_7,
519,3628_8,
520,4374_10,
521,3678_8,
522,2268_1,
523,3043_8,
524,2163_4,
525,12172_3,
526,11715_7,
527,5809_10,
528,7481_10,
529,8031_1,
530,211_4,
531,6530_8,
532,8476_1,
533,11278_1,
534,11950_8,
535,3178_4,
536,8299_1,
537,757_8,
538,10448_1,
539,8454_3,
540,4250_8,
541,6804_7,
542,7207_7,
543,11097_9,
544,10001_4,
545,12481_8,
546,3847_4,
547,9033_4,
548,9695_1,
549,7934_3,
550,1846_8,
551,11444_10,
552,3790_1,
553,2901_7,
554,1131_7,
555,4046_1,
556,5172_9,
557,298_8,
558,11499_1,
559,8758_10,
560,2646_10,
561,4000_10,
562,3248_10,
563,4266_7,
564,9167_7,
565,3377_2,
566,12246_9,
567,7224_3,
568,6299_1,
569,8534_3,
570,11641_1,
571,3401_8,
572,7505_9,
573,10693_4,
574,9979_1,
575,391_8,
576,2621_4,
577,1686_10,
578,7564_1,
579,6434_7,
580,859_1,
581,487_8,
582,7894_10,
583,11960_8,
584,7252_4,
585,7332_7,
586,8622_1,
587,7635_10,
588,11036_8,
589,7589_8,
590,4386_9,
591,11349_4,
592,11666_10,
593,5007_1,
594,3148_4,
595,884_8,
596,12164_1,
597,11250_9,
598,1261_8,
599,10343_3,
600,625_4,
601,5474_9,
602,9160_8,
603,1575_9,
604,3074_1,
605,2639_7,
606,5113_3,
607,5539_3,
608,8350_3,
609,7525_7,
610,5397_9,
611,6005_4,
612,2025_1,
613,3119_4,
614,4276_4,
615,2080_9,
616,2129_4,
617,10409_2,
618,5849_2,
619,9653_9,
620,7260_1,
621,2017_1,
622,1177_1,
623,4025_9,
624,11518_8,
625,9470_8,
626,1174_4,
627,5642_7,
628,3086_1,
629,4706_8,
630,11362_2,
631,8460_2,
632,2559_1,
633,10105_8,
634,12084_3,
635,1113_10,
636,603_1,
637,11980_4,
638,12005_10,
639,1558_1,
640,3212_3,
641,7614_1,
642,1029_3,
643,10768_7,
644,4402_8,
645,8234_7,
646,11423_8,
647,6015_1,
648,11721_1,
649,7550_1,
650,974_4,
651,8779_4,
652,11038_3,
653,8226_8,
654,4420_1,
655,2202_10,
656,6252_1,
657,11155_2,
658,1241_7,
659,10898_7,
660,4828_1,
661,5056_8,
662,700_8,
663,418_9,
664,5403_1,
665,11327_4,
666,10365_1,
667,3578_7,
668,12341_4,
669,11911_10,
670,4532_7,
671,4938_1,
672,1860_9,
673,8639_3,
674,10422_7,
675,4697_7,
676,3291_1,
677,4327_8,
678,7226_8,
679,2170_4,
680,7388_1,
681,9184_10,
682,783_1,
683,5750_8,
684,11473_4,
685,11767_8,
686,4158_10,
687,5785_4,
688,9087_1,
689,11063_10,
690,11194_10,
691,1925_9,
692,5710_1,
693,3162_8,
694,2263_10,
695,4644_10,
696,12346_10,
697,4573_10,
698,5395_1,
699,5467_2,
700,2222_4,
701,9629_8,
702,11982_7,
703,4638_10,
704,2481_1,
705,10868_8,
706,3688_8,
707,2965_2,
708,996_9,
709,5600_8,
710,4124_8,
711,7351_2,
712,6949_1,
713,6405_7,
714,4626_4,
715,4919_7,
716,5933_7,
717,1220_9,
718,2187_2,
719,4209_7,
720,6094_1,
721,3580_4,
722,9793_1,
723,9384_4,
724,6244_1,
725,7735_1,
726,382_10,
727,8787_8,
728,3195_10,
729,4485_10,
730,7356_10,
731,3796_1,
732,8773_8,
733,465_1,
734,1962_2,
735,8722_1,
736,6174_2,
737,6157_2,
738,10829_10,
739,10999_1,
740,10476_1,
741,6556_3,
742,11837_2,
743,7213_3,
744,344_8,
745,11822_4,
746,11088_7,
747,1134_2,
748,8075_8,
749,7980_3,
750,8462_9,
751,5842_1,
752,4254_2,
753,7994_9,
754,3801_8,
755,2015_2,
756,10394_3,
757,12295_3,
758,9580_3,
759,6819_8,
760,7214_7,
761,3910_2,
762,3229_3,
763,4962_1,
764,10165_3,
765,8693_10,
766,3418_10,
767,11920_3,
768,2158_10,
769,4035_10,
770,7563_1,
771,6280_7,
772,6676_9,
773,782_9,
774,3688_2,
775,7734_10,
776,10580_4,
777,3254_3,
778,7067_7,
779,11461_10,
780,9602_10,
781,8549_8,
782,5530_1,
783,1682_7,
784,9947_1,
785,1034_7,
786,7837_10,
787,5462_8,
788,4402_1,
789,10738_4,
790,7948_4,
791,4925_7,
792,9280_1,
793,2212_10,
794,10988_2,
795,5447_4,
796,11587_2,
797,1077_3,
798,5548_7,
799,6111_1,
800,11023_9,
801,12009_3,
802,3855_8,
803,5649_10,
804,4241_2,
805,4519_3,
806,10268_9,
807,227_10,
808,6601_4,
809,9443_4,
810,1781_10,
811,4345_10,
812,6317_10,
813,5134_4,
814,11100_4,
815,4952_1,
816,6416_7,
817,9230_8,
818,742_1,
819,1099_4,
820,452_10,
821,9752_10,
822,5233_4,
823,3511_4,
824,9972_1,
825,3820_8,
826,5461_7,
827,3890_2,
828,4970_3,
829,2847_8,
830,11310_1,
831,2909_10,
832,9562_8,
833,2393_8,
834,10691_7,
835,8947_2,
836,3930_4,
837,7259_7,
838,5093_10,
839,3421_4,
840,11655_3,
841,189_9,
842,1161_1,
843,2412_1,
844,5583_8,
845,4887_2,
846,7586_10,
847,3318_3,
848,6308_1,
849,6037_10,
850,2926_8,
851,8775_3,
852,4863_10,
853,8036_8,
854,4870_10,
855,10143_1,
856,960_1,
857,2718_9,
858,7005_4,
859,5741_1,
860,2900_1,
861,1210_1,
862,2774_10,
863,10587_1,
864,5432_2,
865,5009_9,
866,7671_1,
867,11256_1,
868,7121_10,
869,160_2,
870,162_8,
871,1507_8,
872,8647_7,
873,8633_8,
874,8160_7,
875,8210_7,
876,11864_3,
877,6716_3,
878,10139_4,
879,9117_10,
880,1441_2,
881,157_1,
882,6210_1,
883,3521_9,
884,4060_4,
885,3848_4,
886,546_10,
887,3261_4,
888,3047_7,
889,2517_2,
890,4892_1,
891,2487_10,
892,6379_9,
893,716_1,
894,1181_9,
895,7962_4,
896,5039_3,
897,5532_2,
898,1294_1,
899,2249_7,
900,6900_8,
901,3252_9,
902,536_10,
903,3098_1,
904,1751_2,
905,6785_1,
906,4545_1,
907,9296_4,
908,4858_8,
909,288_10,
910,11286_1,
911,4000_4,
912,1238_7,
913,11067_7,
914,7423_9,
915,6618_8,
916,11859_4,
917,4015_1,
918,11725_10,
919,2541_7,
920,7008_2,
921,1714_1,
922,5485_10,
923,2216_1,
924,10314_4,
925,4408_8,
926,5738_4,
927,3372_3,
928,2207_9,
929,9741_1,
930,10892_7,
931,8583_9,
932,10281_7,
933,10013_1,
934,4463_7,
935,11445_3,
936,11985_10,
937,10666_8,
938,8859_10,
939,2540_2,
940,8388_7,
941,6234_1,
942,7898_10,
943,12192_4,
944,2827_10,
945,7026_7,
946,4410_10,
947,7811_2,
948,3120_8,
949,10092_1,
950,5441_1,
951,1712_9,
952,1907_7,
953,2394_3,
954,8109_2,
955,10040_2,
956,1327_4,
957,11545_8,
958,10747_10,
959,12295_9,
960,4367_4,
961,120_8,
962,3223_3,
963,1098_9,
964,4815_2,
965,1056_3,
966,4588_9,
967,2701_1,
968,3009_8,
969,12318_9,
970,4428_10,
971,4180_3,
972,12200_4,
973,10323_10,
974,839_7,
975,11445_7,
976,472_1,
977,1713_8,
978,723_2,
979,10126_2,
980,11154_2,
981,7356_1,
982,6793_4,
983,7089_1,
984,10334_3,
985,128_7,
986,9524_9,
987,9811_7,
988,7440_7,
989,11273_9,
990,950_1,
991,9059_7,
992,3178_8,
993,10761_10,
994,10575_9,
995,4321_1,
996,11918_10,
997,8482_7,
998,6142_1,
999,3364_1,
1000,4376_9,
1001,12072_2,
1002,6982_9,
1003,1427_2,
1004,7842_1,
1005,5087_7,
1006,9697_8,
1007,1505_3,
1008,6857_4,
1009,7914_2,
1010,4752_1,
1011,8668_4,
1012,1031_10,
1013,8759_8,
1014,10361_7,
1015,3703_3,
1016,11502_10,
1017,7981_4,
1018,8937_9,
1019,12341_7,
1020,2094_10,
1021,4599_10,
1022,5386_2,
1023,3966_9,
1024,9009_1,
1025,7302_10,
1026,7807_1,
1027,5893_9,
1028,2908_8,
1029,12490_8,
1030,6192_9,
1031,10199_4,
1032,3314_10,
1033,6005_8,
1034,2009_10,
1035,9610_4,
1036,12328_10,
1037,11633_1,
1038,4984_8,
1039,2778_8,
1040,11619_9,
1041,5895_10,
1042,10815_10,
1043,11564_4,
1044,11284_8,
1045,4455_3,
1046,1783_2,
1047,8000_10,
1048,3493_1,
1049,4380_8,
1050,8477_3,
1051,11403_9,
1052,11367_10,
1053,52_1,
1054,7504_4,
1055,4605_8,
1056,11045_1,
1057,10987_8,
1058,3496_8,
1059,3856_3,
1060,5799_10,
1061,8301_7,
1062,1286_2,
1063,8042_7,
1064,11094_1,
1065,4357_3,
1066,12367_2,
1067,3512_7,
1068,6409_1,
1069,12099_9,
1070,4185_3,
1071,7263_4,
1072,3714_1,
1073,4290_9,
1074,5610_3,
1075,5910_8,
1076,6551_9,
1077,1196_8,
1078,2056_9,
1079,6312_2,
1080,8525_2,
1081,7276_2,
1082,7546_7,
1083,6177_1,
1084,6136_10,
1085,6262_1,
1086,7882_7,
1087,8116_1,
1088,4953_1,
1089,5407_1,
1090,6396_9,
1091,12301_4,
1092,3185_3,
1093,7660_1,
1094,10676_3,
1095,6042_1,
1096,9831_8,
1097,8690_3,
1098,575_3,
1099,6167_7,
1100,1706_9,
1101,3619_3,
1102,5900_10,
1103,6050_10,
1104,8360_9,
1105,7927_1,
1106,5799_1,
1107,1053_8,
1108,12473_1,
1109,7751_7,
1110,9828_3,
1111,9942_1,
1112,6289_1,
1113,5744_2,
1114,3865_2,
1115,12072_10,
1116,5236_2,
1117,11203_1,
1118,4665_10,
1119,1405_7,
1120,10872_7,
1121,6198_7,
1122,5780_4,
1123,2310_1,
1124,6184_7,
1125,7484_1,
1126,570_1,
1127,5181_10,
1128,10869_1,
1129,6990_1,
1130,7013_9,
1131,8355_2,
1132,6574_8,
1133,5725_3,
1134,11108_10,
1135,111_10,
1136,3173_8,
1137,1679_1,
1138,11001_10,
1139,4068_3,
1140,4978_7,
1141,3458_10,
1142,9674_3,
1143,2656_10,
1144,6772_10,
1145,8674_2,
1146,1884_3,
1147,763_10,
1148,4302_8,
1149,1041_9,
1150,6974_10,
1151,4523_10,
1152,9172_10,
1153,10672_1,
1154,11234_10,
1155,2739_2,
1156,10186_8,
1157,4163_3,
1158,4111_2,
1159,8357_3,
1160,3548_8,
1161,1630_8,
1162,3449_2,
1163,8361_8,
1164,5652_4,
1165,5549_2,
1166,2724_1,
1167,2151_1,
1168,618_10,
1169,8803_10,
1170,7988_1,
1171,11910_1,
1172,4939_7,
1173,11772_10,
1174,5078_9,
1175,9376_10,
1176,11591_2,
1177,1830_1,
1178,5904_8,
1179,7699_2,
1180,4259_9,
1181,4117_1,
1182,7261_8,
1183,433_10,
1184,1716_8,
1185,1718_7,
1186,3958_1,
1187,8954_8,
1188,5681_8,
1189,10381_10,
1190,2406_10,
1191,2761_10,
1192,897_4,
1193,911_1,
1194,2984_4,
1195,10074_9,
1196,107_10,
1197,869_3,
1198,7225_1,
1199,8230_4,
1200,10778_8,
1201,4471_8,
1202,5901_4,
1203,593_9,
1204,4819_1,
1205,8327_1,
1206,2192_9,
1207,5044_1,
1208,7467_10,
1209,9859_10,
1210,8408_3,
1211,8382_7,
1212,12048_10,
1213,3474_2,
1214,10226_10,
1215,6685_10,
1216,5123_8,
1217,8054_1,
1218,651_10,
1219,897_10,
1220,10309_3,
1221,520_1,
1222,10648_8,
1223,3444_1,
1224,12349_10,
1225,5557_9,
1226,5518_8,
1227,11513_8,
1228,12326_10,
1229,6177_7,
1230,3218_4,
1231,12398_2,
1232,944_4,
1233,12015_4,
1234,9029_1,
1235,9499_4,
1236,2081_7,
1237,5056_2,
1238,1187_10,
1239,1529_1,
1240,10253_1,
1241,1838_10,
1242,1334_4,
1243,245_9,
1244,4055_10,
1245,9635_7,
1246,4845_9,
1247,3508_8,
1248,10857_8,
1249,2249_2,
1250,4802_1,
1251,596_7,
1252,9267_3,
1253,9634_8,
1254,8399_2,
1255,1916_8,
1256,169_1,
1257,8732_1,
1258,1412_2,
1259,11429_1,
1260,8230_10,
1261,3461_9,
1262,5192_3,
1263,1520_1,
1264,5934_10,
1265,9616_8,
1266,1527_7,
1267,11450_1,
1268,10319_1,
1269,1492_2,
1270,4630_9,
1271,10246_10,
1272,7100_3,
1273,6407_1,
1274,9884_1,
1275,3871_3,
1276,8392_8,
1277,11794_7,
1278,5018_1,
1279,7524_9,
1280,8049_1,
1281,5132_8,
1282,9202_8,
1283,471_7,
1284,5326_10,
1285,2213_1,
1286,6682_4,
1287,11843_10,
1288,8541_1,
1289,1092_2,
1290,3070_7,
1291,10490_1,
1292,4223_4,
1293,2030_4,
1294,1126_3,
1295,1291_4,
1296,9353_3,
1297,2279_2,
1298,11542_7,
1299,8126_3,
1300,9437_2,
1301,8800_10,
1302,8140_2,
1303,6531_4,
1304,4606_7,
1305,4907_8,
1306,9112_1,
1307,7335_1,
1308,5857_1,
1309,1967_4,
1310,7946_10,
1311,12309_3,
1312,11894_10,
1313,11030_8,
1314,12250_10,
1315,7695_9,
1316,10749_8,
1317,10040_10,
1318,4906_1,
1319,1744_10,
1320,11298_8,
1321,9513_1,
1322,3633_10,
1323,7104_7,
1324,8566_3,
1325,10325_1,
1326,4780_1,
1327,11248_10,
1328,1809_10,
1329,5150_4,
1330,8548_10,
1331,9108_1,
1332,6545_10,
1333,2947_1,
1334,9348_1,
1335,3870_3,
1336,1439_7,
1337,3187_1,
1338,2154_1,
1339,7540_4,
1340,8492_9,
1341,2952_8,
1342,346_10,
1343,7680_4,
1344,4768_4,
1345,11069_10,
1346,240_10,
1347,1277_10,
1348,11033_1,
1349,1162_1,
1350,12403_4,
1351,4356_8,
1352,10146_7,
1353,406_2,
1354,6894_7,
1355,9813_8,
1356,11150_10,
1357,414_2,
1358,6889_1,
1359,684_2,
1360,1709_3,
1361,11837_7,
1362,5063_1,
1363,5666_10,
1364,4166_9,
1365,7250_2,
1366,5897_1,
1367,1910_9,
1368,7822_1,
1369,5921_7,
1370,12230_4,
1371,4794_4,
1372,208_1,
1373,8233_8,
1374,5640_7,
1375,4295_9,
1376,9640_2,
1377,8916_2,
1378,9455_1,
1379,6232_10,
1380,11595_4,
1381,8856_8,
1382,12461_9,
1383,9430_9,
1384,6706_1,
1385,3242_1,
1386,9106_9,
1387,4093_8,
1388,11989_10,
1389,8205_8,
1390,329_1,
1391,10561_8,
1392,788_2,
1393,3770_10,
1394,12017_3,
1395,7640_10,
1396,147_9,
1397,3213_1,
1398,5985_10,
1399,11756_7,
1400,12277_10,
1401,633_4,
1402,3277_9,
1403,5906_8,
1404,9244_8,
1405,2127_3,
1406,9630_1,
1407,4532_1,
1408,1585_3,
1409,7209_2,
1410,12441_4,
1411,9924_2,
1412,8038_4,
1413,1103_4,
1414,3735_10,
1415,3011_7,
1416,9966_1,
1417,1738_1,
1418,515_10,
1419,6105_10,
1420,6161_1,
1421,12195_8,
1422,308_1,
1423,3564_10,
1424,6940_10,
1425,9774_8,
1426,3655_7,
1427,1578_1,
1428,5726_7,
1429,787_9,
1430,5231_4,
1431,9124_10,
1432,10192_2,
1433,9395_9,
1434,9091_10,
1435,7348_10,
1436,9257_4,
1437,4912_8,
1438,1984_10,
1439,10657_8,
1440,6143_3,
1441,333_3,
1442,2999_7,
1443,11920_9,
1444,7118_3,
1445,875_10,
1446,3347_7,
1447,2754_1,
1448,5834_4,
1449,2077_10,
1450,10665_2,
1451,762_2,
1452,6461_10,
1453,6329_10,
1454,11455_1,
1455,7483_10,
1456,658_1,
1457,7912_4,
1458,8547_10,
1459,6388_7,
1460,11427_10,
1461,4450_9,
1462,5675_9,
1463,10022_7,
1464,5366_1,
1465,3611_10,
1466,6410_10,
1467,6945_3,
1468,8039_1,
1469,1732_4,
1470,92_3,
1471,1014_2,
1472,1280_10,
1473,5223_1,
1474,3793_7,
1475,407_10,
1476,5435_10,
1477,10227_10,
1478,600_1,
1479,8505_3,
1480,8177_8,
1481,1167_4,
1482,1379_4,
1483,4874_10,
1484,1638_8,
1485,3829_4,
1486,9559_8,
1487,12051_10,
1488,383_4,
1489,5374_8,
1490,4324_7,
1491,10452_1,
1492,12478_9,
1493,8787_4,
1494,6_1,
1495,918_10,
1496,6004_2,
1497,956_9,
1498,11012_9,
1499,3803_4,
1500,1938_1,
1501,2489_7,
1502,1072_4,
1503,76_3,
1504,7900_4,
1505,8838_9,
1506,6208_1,
1507,11989_1,
1508,3975_3,
1509,6339_1,
1510,8610_2,
1511,10571_8,
1512,729_2,
1513,1844_3,
1514,5486_3,
1515,12177_3,
1516,7824_1,
1517,7669_8,
1518,5197_4,
1519,7377_3,
1520,9424_2,
1521,7819_1,
1522,6957_1,
1523,10892_1,
1524,7345_1,
1525,8229_1,
1526,11598_4,
1527,10_9,
1528,10997_10,
1529,2388_3,
1530,35_8,
1531,11582_10,
1532,427_4,
1533,1906_10,
1534,383_10,
1535,4838_1,
1536,9281_10,
1537,1753_1,
1538,5478_9,
1539,1747_10,
1540,8217_8,
1541,4983_7,
1542,12122_4,
1543,1113_2,
1544,6442_1,
1545,5651_1,
1546,1841_4,
1547,10724_8,
1548,6020_2,
1549,1036_3,
1550,6036_1,
1551,9576_9,
1552,2953_1,
1553,1701_4,
1554,8315_3,
1555,2673_3,
1556,1094_4,
1557,5432_7,
1558,2635_7,
1559,4991_10,
1560,1826_3,
1561,8845_8,
1562,7229_7,
1563,8057_10,
1564,9487_4,
1565,11799_2,
1566,9192_7,
1567,256_9,
1568,12117_7,
1569,1611_1,
1570,8301_1,
1571,4412_2,
1572,4704_8,
1573,12189_4,
1574,8290_2,
1575,2939_10,
1576,9694_4,
1577,4774_10,
1578,5411_1,
1579,3623_3,
1580,7715_2,
1581,9703_2,
1582,9721_2,
1583,199_10,
1584,5438_3,
1585,10873_8,
1586,2136_1,
1587,76_7,
1588,5430_3,
1589,8678_4,
1590,2834_9,
1591,11994_2,
1592,11830_4,
1593,8793_10,
1594,3504_4,
1595,4391_4,
1596,6643_7,
1597,3251_1,
1598,3333_4,
1599,4218_3,
1600,8814_10,
1601,8285_1,
1602,2631_1,
1603,6295_7,
1604,7696_8,
1605,7818_9,
1606,4434_1,
1607,12225_1,
1608,2257_1,
1609,4223_8,
1610,2218_1,
1611,2117_1,
1612,1486_7,
1613,4680_4,
1614,6361_10,
1615,3674_8,
1616,444_10,
1617,7185_3,
1618,12231_10,
1619,8975_1,
1620,3177_4,
1621,11691_4,
1622,2352_9,
1623,12159_7,
1624,5556_4,
1625,9673_7,
1626,9273_1,
1627,11730_10,
1628,11769_7,
1629,9808_9,
1630,1759_4,
1631,3328_7,
1632,5034_4,
1633,7701_4,
1634,10908_10,
1635,9097_1,
1636,9444_3,
1637,10422_1,
1638,6266_8,
1639,7106_8,
1640,2267_1,
1641,6987_1,
1642,3705_10,
1643,4151_10,
1644,5337_9,
1645,10894_4,
1646,8183_7,
1647,8459_10,
1648,11645_2,
1649,5460_8,
1650,5665_4,
1651,12144_8,
1652,4672_10,
1653,9310_10,
1654,6082_4,
1655,10037_1,
1656,9997_7,
1657,3702_9,
1658,6028_1,
1659,1135_3,
1660,1331_7,
1661,486_9,
1662,5177_8,
1663,8208_2,
1664,5328_8,
1665,8463_9,
1666,9010_7,
1667,622_10,
1668,102_1,
1669,1306_7,
1670,11507_2,
1671,1342_1,
1672,7473_9,
1673,8600_1,
1674,8875_9,
1675,10125_1,
1676,795_4,
1677,4599_2,
1678,1523_9,
1679,2556_1,
1680,8022_1,
1681,837_7,
1682,91_1,
1683,8879_7,
1684,11831_7,
1685,119_4,
1686,647_3,
1687,1234_2,
1688,8202_10,
1689,1854_10,
1690,9665_2,
1691,6336_4,
1692,8806_3,
1693,420_4,
1694,2624_7,
1695,1678_3,
1696,11204_1,
1697,3275_1,
1698,6038_10,
1699,12067_1,
1700,9245_2,
1701,4709_9,
1702,10423_1,
1703,8894_10,
1704,10506_10,
1705,8663_7,
1706,4967_10,
1707,10787_10,
1708,7148_10,
1709,8474_10,
1710,11157_7,
1711,12487_3,
1712,11955_4,
1713,6659_10,
1714,10803_3,
1715,3931_4,
1716,3030_9,
1717,7916_8,
1718,2547_10,
1719,12242_10,
1720,2596_1,
1721,10006_7,
1722,5003_4,
1723,4936_8,
1724,5507_4,
1725,3451_4,
1726,6229_3,
1727,8416_1,
1728,6629_1,
1729,10748_10,
1730,11312_2,
1731,3553_4,
1732,435_8,
1733,11296_8,
1734,225_2,
1735,6195_10,
1736,1859_3,
1737,11647_2,
1738,8971_9,
1739,3603_1,
1740,6210_10,
1741,923_2,
1742,6364_1,
1743,5576_3,
1744,4060_10,
1745,6275_2,
1746,4192_4,
1747,11043_1,
1748,7682_2,
1749,2585_2,
1750,6995_4,
1751,4478_8,
1752,2780_9,
1753,2146_9,
1754,5560_2,
1755,4707_1,
1756,5650_10,
1757,12005_1,
1758,9460_1,
1759,869_7,
1760,1054_3,
1761,230_9,
1762,1838_2,
1763,5173_3,
1764,6510_4,
1765,1375_8,
1766,1468_9,
1767,4663_8,
1768,9765_1,
1769,2672_7,
1770,1223_1,
1771,4454_9,
1772,1647_1,
1773,10528_3,
1774,12047_10,
1775,9315_1,
1776,5421_7,
1777,7987_2,
1778,11372_1,
1779,12258_1,
1780,3988_7,
1781,12406_2,
1782,3193_9,
1783,5072_3,
1784,1717_3,
1785,8676_8,
1786,8056_1,
1787,4483_8,
1788,10316_8,
1789,5790_7,
1790,9890_3,
1791,11305_8,
1792,11692_1,
1793,11893_10,
1794,11275_10,
1795,3698_3,
1796,6532_4,
1797,10376_7,
1798,4994_9,
1799,3845_4,
1800,10489_4,
1801,1672_8,
1802,11745_1,
1803,12446_3,
1804,8090_9,
1805,10886_4,
1806,5563_1,
1807,2294_8,
1808,11115_1,
1809,9114_10,
1810,9664_10,
1811,8701_2,
1812,10996_8,
1813,10752_1,
1814,5972_3,
1815,4520_7,
1816,1411_4,
1817,8596_3,
1818,10905_8,
1819,1522_8,
1820,2661_10,
1821,110_10,
1822,2_9,
1823,8013_1,
1824,1224_9,
1825,10910_2,
1826,7139_10,
1827,864_9,
1828,11804_4,
1829,10861_4,
1830,503_10,
1831,136_4,
1832,3575_10,
1833,23_7,
1834,11133_10,
1835,10480_10,
1836,363_1,
1837,10008_2,
1838,10981_2,
1839,1636_10,
1840,5748_10,
1841,6932_7,
1842,11251_10,
1843,989_4,
1844,2612_10,
1845,2208_7,
1846,3810_4,
1847,8242_3,
1848,2654_10,
1849,4744_9,
1850,5357_8,
1851,7571_3,
1852,7435_4,
1853,12373_2,
1854,6571_3,
1855,1163_7,
1856,10310_2,
1857,12360_4,
1858,275_3,
1859,8898_8,
1860,2911_10,
1861,10099_1,
1862,2741_10,
1863,10544_4,
1864,5535_8,
1865,11987_4,
1866,7373_4,
1867,3126_10,
1868,8221_9,
1869,620_10,
1870,8765_10,
1871,10383_10,
1872,6972_9,
1873,9538_2,
1874,9920_3,
1875,8022_8,
1876,7497_4,
1877,10324_9,
1878,5916_2,
1879,3334_4,
1880,3236_7,
1881,5572_4,
1882,4865_3,
1883,11873_8,
1884,3157_10,
1885,9294_7,
1886,3774_8,
1887,8207_10,
1888,7018_3,
1889,11543_1,
1890,2659_1,
1891,2159_4,
1892,1003_10,
1893,9375_4,
1894,3838_7,
1895,3378_7,
1896,7866_10,
1897,5539_10,
1898,8601_10,
1899,10173_1,
1900,9632_8,
1901,5969_10,
1902,1870_1,
1903,3756_8,
1904,11993_1,
1905,4102_10,
1906,4037_2,
1907,5482_1,
1908,3156_9,
1909,4347_8,
1910,9068_9,
1911,3131_7,
1912,10704_4,
1913,1519_1,
1914,7711_10,
1915,6864_3,
1916,9945_1,
1917,7580_1,
1918,4027_10,
1919,9268_3,
1920,2863_1,
1921,3937_8,
1922,2796_10,
1923,9056_8,
1924,1830_8,
1925,6331_3,
1926,8199_2,
1927,9222_4,
1928,5591_2,
1929,5765_9,
1930,2177_8,
1931,9015_4,
1932,393_8,
1933,2304_9,
1934,2897_4,
1935,6438_1,
1936,7733_1,
1937,12129_7,
1938,9738_8,
1939,3982_1,
1940,2917_7,
1941,11448_2,
1942,10581_10,
1943,4880_4,
1944,3128_9,
1945,4309_8,
1946,10097_1,
1947,5894_4,
1948,5414_2,
1949,8511_10,
1950,11504_8,
1951,7691_2,
1952,3466_7,
1953,6392_3,
1954,9641_9,
1955,4256_4,
1956,8840_10,
1957,7542_2,
1958,3842_7,
1959,3345_1,
1960,5581_4,
1961,5104_10,
1962,2958_1,
1963,10081_1,
1964,3461_2,
1965,10602_4,
1966,3715_7,
1967,3085_10,
1968,914_3,
1969,5908_2,
1970,3230_4,
1971,9447_8,
1972,8774_4,
1973,5382_7,
1974,5030_9,
1975,51_10,
1976,10171_3,
1977,6933_9,
1978,9761_10,
1979,6411_10,
1980,7189_4,
1981,3563_8,
1982,8771_7,
1983,8327_9,
1984,825_10,
1985,10130_10,
1986,2919_1,
1987,4231_7,
1988,2837_8,
1989,7907_3,
1990,11568_7,
1991,1739_10,
1992,4213_1,
1993,7865_3,
1994,11418_7,
1995,10578_7,
1996,12324_10,
1997,1464_4,
1998,1110_9,
1999,10357_8,
2000,514_10,
2001,10305_4,
2002,7682_8,
2003,5686_9,
2004,6169_10,
2005,7757_9,
2006,9378_9,
2007,3222_4,
2008,12385_7,
2009,5250_10,
2010,7066_8,
2011,9006_7,
2012,4313_4,
2013,8331_4,
2014,2728_3,
2015,122_1,
2016,7081_2,
2017,7250_8,
2018,4486_7,
2019,8515_2,
2020,2669_1,
2021,7076_10,
2022,10854_4,
2023,1040_1,
2024,9795_7,
2025,1664_10,
2026,6483_1,
2027,8147_4,
2028,7068_3,
2029,4281_10,
2030,5513_7,
2031,3213_10,
2032,2638_1,
2033,11532_3,
2034,3584_4,
2035,9315_7,
2036,1362_4,
2037,11277_1,
2038,3425_1,
2039,6307_3,
2040,453_3,
2041,7937_2,
2042,92_9,
2043,5829_10,
2044,741_1,
2045,9891_1,
2046,2925_1,
2047,4672_3,
2048,6592_10,
2049,1651_2,
2050,8966_1,
2051,8431_9,
2052,1516_7,
2053,274_2,
2054,9852_7,
2055,10469_1,
2056,12355_2,
2057,380_10,
2058,3226_10,
2059,12437_1,
2060,8482_1,
2061,4185_8,
2062,5444_1,
2063,1974_4,
2064,5820_7,
2065,1506_7,
2066,12097_4,
2067,9032_8,
2068,9204_10,
2069,6847_3,
2070,9173_1,
2071,2503_1,
2072,9389_4,
2073,12186_1,
2074,2223_8,
2075,8865_4,
2076,1892_8,
2077,0_9,
2078,4042_7,
2079,3848_8,
2080,11142_1,
2081,2946_10,
2082,9671_10,
2083,6459_3,
2084,6641_1,
2085,1266_8,
2086,2983_2,
2087,2915_1,
2088,11834_7,
2089,1795_2,
2090,7789_3,
2091,6981_9,
2092,11325_4,
2093,1721_1,
2094,1205_3,
2095,8069_8,
2096,8_7,
2097,6329_1,
2098,5412_2,
2099,889_10,
2100,8521_10,
2101,125_1,
2102,5450_1,
2103,5900_4,
2104,4460_9,
2105,4652_9,
2106,8444_1,
2107,7353_1,
2108,8626_1,
2109,2640_2,
2110,12277_3,
2111,8734_1,
2112,3043_1,
2113,7165_10,
2114,8173_1,
2115,11027_4,
2116,12108_9,
2117,6221_3,
2118,1836_2,
2119,8963_8,
2120,7826_8,
2121,5445_10,
2122,6722_2,
2123,8908_10,
2124,3698_10,
2125,7693_9,
2126,10443_3,
2127,4237_10,
2128,285_10,
2129,2007_7,
2130,5999_7,
2131,11701_3,
2132,4352_10,
2133,8150_10,
2134,4846_7,
2135,2898_1,
2136,12286_7,
2137,9532_10,
2138,11471_3,
2139,3992_2,
2140,3806_4,
2141,2165_7,
2142,1879_10,
2143,11830_9,
2144,1545_10,
2145,11067_2,
2146,11853_7,
2147,9160_1,
2148,12460_7,
2149,10122_7,
2150,3172_2,
2151,4444_10,
2152,6929_8,
2153,12059_3,
2154,10165_7,
2155,10270_1,
2156,5945_10,
2157,9284_8,
2158,970_10,
2159,4775_3,
2160,4894_2,
2161,11472_7,
2162,5537_10,
2163,2646_3,
2164,1510_3,
2165,7643_4,
2166,4651_3,
2167,11253_1,
2168,1424_10,
2169,11257_7,
2170,3858_10,
2171,3920_9,
2172,10208_7,
2173,7503_7,
2174,10250_10,
2175,11897_9,
2176,6692_9,
2177,2987_10,
2178,1374_1,
2179,5196_4,
2180,10619_1,
2181,11870_1,
2182,11226_4,
2183,10199_7,
2184,1952_8,
2185,10143_8,
2186,8514_7,
2187,10729_8,
2188,9585_10,
2189,958_9,
2190,11610_10,
2191,5989_7,
2192,8973_3,
2193,11714_10,
2194,9661_8,
2195,2194_3,
2196,10444_1,
2197,9861_10,
2198,4397_3,
2199,8112_1,
2200,11344_3,
2201,5506_10,
2202,5593_10,
2203,749_10,
2204,2558_10,
2205,963_4,
2206,11947_9,
2207,990_9,
2208,967_3,
2209,551_1,
2210,6457_4,
2211,6465_4,
2212,2132_4,
2213,5094_8,
2214,1746_1,
2215,11227_1,
2216,5229_10,
2217,12257_8,
2218,6569_7,
2219,10468_1,
2220,1115_9,
2221,6798_9,
2222,6003_8,
2223,11266_1,
2224,7363_9,
2225,3918_10,
2226,6254_3,
2227,8842_9,
2228,7238_9,
2229,10045_1,
2230,6907_8,
2231,2359_1,
2232,928_10,
2233,803_4,
2234,10647_8,
2235,7321_2,
2236,12440_1,
2237,206_10,
2238,2530_2,
2239,8632_4,
2240,5488_2,
2241,2474_1,
2242,3044_7,
2243,6035_10,
2244,4115_8,
2245,4654_2,
2246,12218_1,
2247,863_2,
2248,6353_1,
2249,8958_10,
2250,9800_9,
2251,7187_8,
2252,6652_3,
2253,3198_3,
2254,4260_9,
2255,11371_10,
2256,9063_8,
2257,2936_3,
2258,6459_10,
2259,878_7,
2260,8903_3,
2261,5347_7,
2262,5508_10,
2263,3795_1,
2264,11065_8,
2265,10291_4,
2266,4869_10,
2267,10547_9,
2268,11758_7,
2269,3302_10,
2270,7192_1,
2271,659_10,
2272,11042_7,
2273,11040_2,
2274,12079_2,
2275,6938_4,
2276,3723_1,
2277,12207_1,
2278,8692_2,
2279,10524_4,
2280,8032_10,
2281,10285_10,
2282,2205_8,
2283,3682_8,
2284,5945_1,
2285,5031_3,
2286,2371_8,
2287,1151_1,
2288,9323_10,
2289,1116_3,
2290,1493_1,
2291,3691_3,
2292,12248_4,
2293,8708_3,
2294,7449_1,
2295,1662_7,
2296,933_10,
2297,10127_1,
2298,7233_4,
2299,9063_2,
2300,9878_7,
2301,1984_1,
2302,2082_10,
2303,3450_7,
2304,10342_2,
2305,2129_8,
2306,2235_1,
2307,4975_1,
2308,7406_2,
2309,505_2,
2310,11338_3,
2311,10624_7,
2312,10624_1,
2313,4147_8,
2314,711_4,
2315,7963_9,
2316,10519_1,
2317,12259_1,
2318,11777_9,
2319,11548_4,
2320,6442_9,
2321,2262_1,
2322,4432_2,
2323,1245_2,
2324,11748_8,
2325,6422_7,
2326,9219_10,
2327,10183_1,
2328,6871_4,
2329,2933_3,
2330,12057_1,
2331,3621_1,
2332,12132_10,
2333,12132_4,
2334,4159_1,
2335,12429_1,
2336,4330_1,
2337,2932_4,
2338,443_10,
2339,3388_7,
2340,9572_8,
2341,8524_10,
2342,6452_1,
2343,5409_10,
2344,525_1,
2345,6846_1,
2346,2828_3,
2347,3862_4,
2348,674_10,
2349,8828_10,
2350,2963_8,
2351,2483_1,
2352,9159_1,
2353,1073_2,
2354,6684_1,
2355,5923_7,
2356,6352_2,
2357,9919_9,
2358,9407_4,
2359,5561_3,
2360,2093_3,
2361,6668_2,
2362,5215_2,
2363,8561_3,
2364,6488_10,
2365,1945_8,
2366,6712_2,
2367,7986_4,
2368,1269_2,
2369,8146_10,
2370,8560_1,
2371,7747_1,
2372,8420_9,
2373,2475_3,
2374,5466_8,
2375,2386_8,
2376,8059_10,
2377,793_2,
2378,6326_10,
2379,6742_4,
2380,4391_8,
2381,10517_8,
2382,10009_1,
2383,2860_9,
2384,359_8,
2385,2469_10,
2386,8962_9,
2387,4297_1,
2388,2341_8,
2389,820_10,
2390,8721_1,
2391,1806_4,
2392,5209_8,
2393,8388_1,
2394,1213_10,
2395,5278_7,
2396,3625_2,
2397,1937_10,
2398,4095_8,
2399,6804_1,
2400,9596_1,
2401,8178_8,
2402,10774_8,
2403,154_8,
2404,5309_1,
2405,8411_7,
2406,9909_7,
2407,1005_3,
2408,4712_7,
2409,7088_1,
2410,2992_7,
2411,3971_8,
2412,9476_4,
2413,2344_9,
2414,9283_8,
2415,3849_4,
2416,11415_8,
2417,8647_1,
2418,6777_4,
2419,504_8,
2420,5661_2,
2421,12209_7,
2422,583_8,
2423,6467_7,
2424,5882_1,
2425,10002_1,
2426,9750_10,
2427,7790_9,
2428,2222_10,
2429,9326_2,
2430,5224_10,
2431,10617_8,
2432,11021_1,
2433,4297_9,
2434,10383_2,
2435,7224_8,
2436,9743_1,
2437,5823_10,
2438,244_4,
2439,10251_10,
2440,3113_1,
2441,5605_7,
2442,6955_1,
2443,12262_3,
2444,9977_4,
2445,8143_10,
2446,11996_1,
2447,3636_8,
2448,2761_1,
2449,11312_9,
2450,6479_10,
2451,7837_4,
2452,8338_3,
2453,1045_8,
2454,6539_1,
2455,3955_1,
2456,11891_9,
2457,7387_7,
2458,12253_9,
2459,10852_10,
2460,8845_3,
2461,9964_10,
2462,352_10,
2463,959_4,
2464,10975_3,
2465,966_2,
2466,7924_9,
2467,9400_8,
2468,7732_4,
2469,4722_1,
2470,11726_9,
2471,377_1,
2472,4627_7,
2473,883_9,
2474,10166_2,
2475,11728_2,
2476,10159_7,
2477,147_4,
2478,2175_1,
2479,1958_4,
2480,2901_1,
2481,10859_4,
2482,12188_4,
2483,4504_9,
2484,11340_4,
2485,1372_7,
2486,8609_3,
2487,1734_2,
2488,11336_7,
2489,6497_1,
2490,4452_4,
2491,10367_4,
2492,3724_1,
2493,4499_9,
2494,6082_9,
2495,4392_9,
2496,12012_2,
2497,3976_10,
2498,11157_3,
2499,2536_1,
2500,5789_9,
2501,797_1,
2502,1010_10,
2503,6634_2,
2504,11343_4,
2505,7284_8,
2506,5075_7,
2507,7908_2,
2508,8319_10,
2509,7273_8,
2510,5620_3,
2511,518_3,
2512,27_1,
2513,1657_9,
2514,8978_10,
2515,4090_3,
2516,11498_7,
2517,276_2,
2518,5927_4,
2519,10835_10,
2520,7222_8,
2521,7928_4,
2522,9030_10,
2523,8621_10,
2524,2433_8,
2525,1868_1,
2526,6751_8,
2527,10153_9,
2528,2092_3,
2529,9103_1,
2530,2371_3,
2531,11106_1,
2532,5198_7,
2533,8664_1,
2534,1300_1,
2535,4088_1,
2536,4396_10,
2537,10463_10,
2538,9496_10,
2539,11291_10,
2540,7566_1,
2541,7561_2,
2542,1014_9,
2543,8320_8,
2544,5301_8,
2545,10318_7,
2546,4924_7,
2547,12162_8,
2548,11404_10,
2549,2803_10,
2550,11863_10,
2551,11943_1,
2552,11031_8,
2553,9897_4,
2554,6747_8,
2555,3291_8,
2556,7145_1,
2557,3957_10,
2558,4702_1,
2559,9869_3,
2560,9194_9,
2561,5138_10,
2562,9314_10,
2563,1964_7,
2564,1907_2,
2565,208_9,
2566,5853_10,
2567,7588_8,
2568,1367_1,
2569,6787_9,
2570,10231_1,
2571,10454_1,
2572,11945_3,
2573,5854_1,
2574,5091_1,
2575,10792_9,
2576,10507_10,
2577,5898_8,
2578,9651_3,
2579,11880_10,
2580,10380_4,
2581,942_2,
2582,7579_8,
2583,8493_1,
2584,6654_1,
2585,9291_7,
2586,12371_1,
2587,7143_2,
2588,12465_9,
2589,3116_2,
2590,7378_4,
2591,4677_9,
2592,11501_8,
2593,420_7,
2594,2836_1,
2595,9234_4,
2596,11963_10,
2597,1955_1,
2598,2439_2,
2599,168_1,
2600,11300_4,
2601,2626_4,
2602,4395_10,
2603,3981_10,
2604,12415_8,
2605,11810_7,
2606,4600_10,
2607,399_2,
2608,6136_2,
2609,2267_8,
2610,7337_10,
2611,8687_2,
2612,12339_4,
2613,9648_8,
2614,3024_1,
2615,909_8,
2616,3590_1,
2617,4328_3,
2618,7940_7,
2619,12083_3,
2620,9534_10,
2621,11613_2,
2622,8344_10,
2623,10962_3,
2624,8902_7,
2625,7389_10,
2626,8085_7,
2627,1823_1,
2628,8468_3,
2629,11941_8,
2630,5282_4,
2631,8359_4,
2632,8939_1,
2633,6201_1,
2634,6712_9,
2635,191_3,
2636,1451_2,
2637,5216_8,
2638,10923_1,
2639,12032_8,
2640,4357_10,
2641,7754_2,
2642,5274_3,
2643,4053_8,
2644,8448_10,
2645,2054_9,
2646,9500_7,
2647,10693_8,
2648,11694_7,
2649,2022_4,
2650,3410_3,
2651,758_2,
2652,1793_4,
2653,1840_10,
2654,7570_10,
2655,8172_1,
2656,2038_7,
2657,3246_4,
2658,1963_4,
2659,6434_3,
2660,10696_7,
2661,12018_3,
2662,8470_2,
2663,2317_1,
2664,7101_2,
2665,10160_4,
2666,7010_10,
2667,8522_2,
2668,324_1,
2669,930_7,
2670,7007_8,
2671,9431_10,
2672,7773_1,
2673,9546_8,
2674,9818_7,
2675,9463_10,
2676,4857_7,
2677,12050_2,
2678,5036_9,
2679,3505_1,
2680,7256_3,
2681,1922_9,
2682,5950_4,
2683,1594_8,
2684,7938_7,
2685,11177_3,
2686,4769_7,
2687,8645_8,
2688,4154_10,
2689,823_4,
2690,5139_4,
2691,3366_1,
2692,2943_1,
2693,3411_1,
2694,4383_9,
2695,4955_9,
2696,6285_1,
2697,3533_10,
2698,6218_7,
2699,10546_1,
2700,2714_10,
2701,11395_4,
2702,3563_4,
2703,5925_3,
2704,8502_1,
2705,2133_10,
2706,5943_10,
2707,7050_3,
2708,11941_4,
2709,512_10,
2710,2201_3,
2711,10273_2,
2712,506_2,
2713,11685_8,
2714,915_4,
2715,1153_10,
2716,9931_4,
2717,11703_1,
2718,3046_4,
2719,2458_2,
2720,10231_10,
2721,4077_1,
2722,49_4,
2723,9387_9,
2724,4115_1,
2725,7056_4,
2726,1796_2,
2727,4462_9,
2728,5628_7,
2729,3777_4,
2730,9208_7,
2731,4895_10,
2732,1594_1,
2733,337_9,
2734,298_4,
2735,10650_8,
2736,5785_10,
2737,7485_8,
2738,10454_9,
2739,1850_10,
2740,4465_2,
2741,9354_9,
2742,5461_3,
2743,1906_1,
2744,7448_8,
2745,3622_8,
2746,685_8,
2747,12267_8,
2748,2165_4,
2749,7319_10,
2750,4337_7,
2751,5111_10,
2752,6114_7,
2753,11439_3,
2754,368_10,
2755,7368_1,
2756,6215_7,
2757,1323_1,
2758,11455_8,
2759,1031_2,
2760,3082_1,
2761,9675_4,
2762,5797_3,
2763,9265_9,
2764,5736_7,
2765,3778_10,
2766,11777_3,
2767,573_1,
2768,3646_8,
2769,11376_2,
2770,5887_7,
2771,12265_10,
2772,7555_7,
2773,7531_8,
2774,7623_4,
2775,6032_2,
2776,8227_1,
2777,2006_3,
2778,6285_7,
2779,5839_3,
2780,1369_4,
2781,9362_1,
2782,3206_4,
2783,11965_4,
2784,411_2,
2785,1304_7,
2786,11306_8,
2787,2707_1,
2788,8999_4,
2789,10413_10,
2790,6338_1,
2791,3076_1,
2792,10726_1,
2793,3641_4,
2794,5577_8,
2795,1828_3,
2796,9758_4,
2797,8127_8,
2798,407_4,
2799,2036_4,
2800,638_10,
2801,998_7,
2802,2675_1,
2803,11132_10,
2804,1555_1,
2805,4910_1,
2806,1954_10,
2807,6217_8,
2808,7342_7,
2809,7575_10,
2810,9977_7,
2811,4918_7,
2812,4072_1,
2813,3739_2,
2814,7113_2,
2815,3612_1,
2816,10059_4,
2817,2354_1,
2818,2566_1,
2819,6039_3,
2820,6544_10,
2821,6427_3,
2822,11707_10,
2823,10928_7,
2824,11904_1,
2825,10215_10,
2826,3613_8,
2827,10475_1,
2828,3396_3,
2829,11479_10,
2830,9718_4,
2831,10063_9,
2832,5510_1,
2833,9203_1,
2834,6766_8,
2835,602_10,
2836,3270_1,
2837,8064_10,
2838,1985_10,
2839,10654_1,
2840,3503_7,
2841,6727_9,
2842,7417_2,
2843,10150_9,
2844,2172_2,
2845,1976_10,
2846,1815_2,
2847,8050_10,
2848,7311_9,
2849,6882_9,
2850,1717_8,
2851,11424_1,
2852,834_8,
2853,1398_7,
2854,5826_10,
2855,9492_7,
2856,7390_2,
2857,238_10,
2858,8556_7,
2859,3469_4,
2860,9923_7,
2861,122_9,
2862,8255_3,
2863,2221_8,
2864,12407_1,
2865,7559_10,
2866,2850_9,
2867,1663_9,
2868,3452_8,
2869,2969_10,
2870,4875_3,
2871,2071_4,
2872,5411_10,
2873,11525_1,
2874,10285_3,
2875,6909_1,
2876,10299_4,
2877,10917_4,
2878,143_2,
2879,4440_7,
2880,5157_7,
2881,9611_3,
2882,9649_1,
2883,9127_7,
2884,11975_7,
2885,1478_4,
2886,6661_7,
2887,1707_2,
2888,4583_7,
2889,2375_2,
2890,2573_10,
2891,7922_7,
2892,7048_10,
2893,11145_1,
2894,7240_1,
2895,4969_3,
2896,3994_4,
2897,2156_1,
2898,3458_1,
2899,590_3,
2900,4526_10,
2901,5725_9,
2902,2393_2,
2903,7786_8,
2904,12023_4,
2905,5439_10,
2906,7797_10,
2907,1060_4,
2908,3648_4,
2909,3037_7,
2910,1582_8,
2911,10997_1,
2912,10321_10,
2913,11322_9,
2914,7882_1,
2915,8703_3,
2916,12439_1,
2917,1675_4,
2918,8246_3,
2919,9479_2,
2920,5658_4,
2921,3394_10,
2922,75_1,
2923,6056_2,
2924,5562_2,
2925,7800_1,
2926,5279_1,
2927,7028_2,
2928,2894_4,
2929,548_7,
2930,6795_9,
2931,3674_1,
2932,10496_10,
2933,1823_7,
2934,2206_2,
2935,3369_4,
2936,1438_4,
2937,5830_2,
2938,9135_9,
2939,4667_10,
2940,8395_3,
2941,2409_9,
2942,11775_10,
2943,1055_10,
2944,10388_7,
2945,10520_9,
2946,7885_1,
2947,11829_10,
2948,11446_2,
2949,2672_4,
2950,12196_3,
2951,10736_10,
2952,9853_1,
2953,9140_2,
2954,7795_1,
2955,6142_9,
2956,2303_8,
2957,12036_7,
2958,1569_2,
2959,2881_8,
2960,9666_1,
2961,1206_10,
2962,9550_1,
2963,9464_8,
2964,9121_3,
2965,12239_10,
2966,9129_4,
2967,4186_7,
2968,7654_10,
2969,6624_1,
2970,3262_8,
2971,8967_4,
2972,4987_10,
2973,7234_8,
2974,10742_9,
2975,3889_2,
2976,9914_4,
2977,1366_8,
2978,9364_9,
2979,10786_3,
2980,578_3,
2981,7688_1,
2982,280_8,
2983,8632_9,
2984,11378_8,
2985,11320_10,
2986,9963_10,
2987,10515_9,
2988,8973_9,
2989,8024_4,
2990,11049_8,
2991,1028_3,
2992,5304_10,
2993,9249_9,
2994,11453_9,
2995,8739_9,
2996,5757_8,
2997,1868_10,
2998,339_10,
2999,2622_4,
3000,5872_9,
3001,4929_3,
3002,3888_10,
3003,5668_3,
3004,1706_3,
3005,4669_10,
3006,6690_1,
3007,8336_1,
3008,6789_8,
3009,11423_1,
3010,7553_10,
3011,1863_10,
3012,9642_4,
3013,6717_7,
3014,7364_7,
3015,8578_2,
3016,9609_7,
3017,11740_10,
3018,8068_9,
3019,3795_9,
3020,1311_4,
3021,6496_1,
3022,8286_1,
3023,5948_8,
3024,1282_9,
3025,6638_4,
3026,4536_1,
3027,10630_1,
3028,141_3,
3029,2945_10,
3030,12494_1,
3031,11165_8,
3032,5331_10,
3033,9814_10,
3034,429_3,
3035,9025_9,
3036,11654_4,
3037,2111_7,
3038,12101_4,
3039,3991_4,
3040,4442_4,
3041,6192_1,
3042,264_2,
3043,12389_1,
3044,9243_4,
3045,6418_1,
3046,7079_1,
3047,2612_2,
3048,2474_10,
3049,8092_3,
3050,2274_9,
3051,8192_1,
3052,12063_10,
3053,12142_9,
3054,2323_3,
3055,6833_2,
3056,799_8,
3057,3332_8,
3058,78_10,
3059,8934_10,
3060,11208_4,
3061,4898_7,
3062,2376_4,
3063,11706_10,
3064,8933_4,
3065,8817_8,
3066,9023_10,
3067,3783_4,
3068,4739_7,
3069,8383_1,
3070,4863_2,
3071,7110_8,
3072,10834_7,
3073,10738_9,
3074,4052_1,
3075,954_4,
3076,9154_1,
3077,9155_1,
3078,11672_10,
3079,4319_1,
3080,541_7,
3081,1994_10,
3082,3058_9,
3083,12394_10,
3084,5010_1,
3085,495_7,
3086,6786_1,
3087,858_1,
3088,11706_3,
3089,5669_1,
3090,11718_1,
3091,7821_1,
3092,30_7,
3093,3598_10,
3094,3817_8,
3095,1657_1,
3096,3113_9,
3097,5469_7,
3098,11833_1,
3099,8437_10,
3100,9507_10,
3101,8035_1,
3102,10845_10,
3103,9598_4,
3104,4998_3,
3105,7786_1,
3106,6100_2,
3107,11309_3,
3108,4879_10,
3109,2967_1,
3110,9991_10,
3111,11016_7,
3112,10_2,
3113,1705_10,
3114,3270_8,
3115,5732_7,
3116,3048_1,
3117,7715_8,
3118,12483_9,
3119,5281_10,
3120,6476_4,
3121,7268_4,
3122,2990_2,
3123,1784_10,
3124,7781_8,
3125,12272_7,
3126,3435_10,
3127,6922_3,
3128,12001_8,
3129,12091_8,
3130,11260_7,
3131,10365_8,
3132,939_2,
3133,10220_7,
3134,11578_10,
3135,334_4,
3136,4852_1,
3137,11738_2,
3138,9279_7,
3139,2228_1,
3140,2925_10,
3141,9207_1,
3142,10550_4,
3143,2101_4,
3144,1055_2,
3145,12060_3,
3146,12489_1,
3147,3894_10,
3148,7823_7,
3149,9019_8,
3150,2946_1,
3151,3624_10,
3152,5711_8,
3153,5692_7,
3154,11631_1,
3155,11562_2,
3156,11160_1,
3157,10656_4,
3158,3668_7,
3159,7320_10,
3160,3140_1,
3161,10945_1,
3162,380_4,
3163,2937_3,
3164,3139_1,
3165,405_3,
3166,6228_1,
3167,1702_1,
3168,1729_8,
3169,1526_1,
3170,112_1,
3171,1909_1,
3172,7915_8,
3173,7309_1,
3174,10042_1,
3175,11681_9,
3176,6388_4,
3177,9549_1,
3178,11235_8,
3179,10629_10,
3180,10605_1,
3181,2010_3,
3182,6744_8,
3183,5152_9,
3184,11027_10,
3185,5537_3,
3186,10922_10,
3187,6507_10,
3188,9408_3,
3189,4466_8,
3190,2856_1,
3191,6065_10,
3192,5568_8,
3193,2972_7,
3194,995_3,
3195,9589_4,
3196,101_8,
3197,7052_8,
3198,12313_10,
3199,12325_9,
3200,11081_1,
3201,5088_8,
3202,67_10,
3203,10720_2,
3204,7016_4,
3205,5655_1,
3206,3697_7,
3207,928_1,
3208,3902_10,
3209,947_10,
3210,9500_2,
3211,11550_7,
3212,2314_7,
3213,4487_1,
3214,6830_4,
3215,11134_1,
3216,6330_10,
3217,10703_3,
3218,5542_9,
3219,11467_10,
3220,12329_1,
3221,2839_10,
3222,5111_1,
3223,10166_7,
3224,3134_3,
3225,10683_7,
3226,1915_10,
3227,9145_10,
3228,2643_10,
3229,1269_8,
3230,3301_3,
3231,9806_1,
3232,3912_3,
3233,5545_8,
3234,8464_1,
3235,10129_1,
3236,3157_4,
3237,2520_10,
3238,203_7,
3239,5258_10,
3240,1542_10,
3241,658_10,
3242,3203_10,
3243,9954_8,
3244,7000_7,
3245,3320_2,
3246,11429_7,
3247,7139_1,
3248,682_10,
3249,681_1,
3250,5275_4,
3251,7963_4,
3252,5363_9,
3253,5431_3,
3254,1822_3,
3255,8950_4,
3256,11228_4,
3257,10158_7,
3258,11114_1,
3259,6378_8,
3260,11573_10,
3261,4644_1,
3262,6373_10,
3263,8893_4,
3264,1123_1,
3265,1782_7,
3266,8575_2,
3267,4166_3,
3268,2751_10,
3269,5922_1,
3270,10192_8,
3271,1853_8,
3272,5011_1,
3273,11187_9,
3274,4481_8,
3275,1551_4,
3276,6525_2,
3277,1169_8,
3278,5844_1,
3279,3272_4,
3280,8272_7,
3281,87_4,
3282,1196_1,
3283,11537_7,
3284,1600_7,
3285,3921_1,
3286,7397_8,
3287,8728_4,
3288,6300_4,
3289,580_9,
3290,5834_9,
3291,3247_3,
3292,9736_3,
3293,8835_1,
3294,4156_1,
3295,1372_1,
3296,5644_2,
3297,5622_2,
3298,12077_8,
3299,5298_8,
3300,677_1,
3301,9612_4,
3302,3239_10,
3303,3485_3,
3304,9070_7,
3305,2096_10,
3306,11115_10,
3307,1240_1,
3308,7858_10,
3309,7478_10,
3310,8956_8,
3311,4135_1,
3312,8005_4,
3313,5032_10,
3314,3853_1,
3315,10655_3,
3316,2970_10,
3317,5037_4,
3318,4014_10,
3319,11757_9,
3320,5927_9,
3321,11661_7,
3322,8964_1,
3323,6224_7,
3324,2786_2,
3325,9900_4,
3326,3592_3,
3327,1479_8,
3328,9045_9,
3329,10044_9,
3330,2806_10,
3331,2879_1,
3332,6558_8,
3333,10418_9,
3334,616_7,
3335,6529_7,
3336,947_2,
3337,9542_10,
3338,4613_10,
3339,10529_10,
3340,10218_3,
3341,5788_1,
3342,10878_1,
3343,10499_10,
3344,8037_10,
3345,11236_8,
3346,44_8,
3347,4457_4,
3348,9782_4,
3349,8043_1,
3350,2467_10,
3351,10017_9,
3352,959_7,
3353,4928_7,
3354,11485_10,
3355,11221_10,
3356,1753_9,
3357,2357_10,
3358,11486_8,
3359,844_8,
3360,269_1,
3361,103_7,
3362,11699_10,
3363,10123_10,
3364,7610_3,
3365,766_10,
3366,8642_8,
3367,1667_1,
3368,2022_9,
3369,11210_1,
3370,2720_7,
3371,461_8,
3372,7969_10,
3373,3230_8,
3374,12411_7,
3375,8463_1,
3376,6247_10,
3377,7051_10,
3378,6074_7,
3379,5265_1,
3380,6420_7,
3381,5548_4,
3382,1911_3,
3383,9504_2,
3384,7338_7,
3385,2521_10,
3386,9874_8,
3387,581_4,
3388,4078_2,
3389,575_10,
3390,10135_7,
3391,9473_10,
3392,5946_4,
3393,9909_3,
3394,1905_1,
3395,1049_3,
3396,2502_8,
3397,7536_10,
3398,8096_10,
3399,6576_8,
3400,4203_8,
3401,6433_7,
3402,1683_7,
3403,356_10,
3404,675_9,
3405,10298_9,
3406,3631_7,
3407,11442_1,
3408,3110_8,
3409,4841_2,
3410,3593_3,
3411,755_10,
3412,6568_9,
3413,4431_4,
3414,195_8,
3415,7425_9,
3416,1365_2,
3417,11056_10,
3418,3367_1,
3419,7485_4,
3420,3941_3,
3421,11568_4,
3422,10992_1,
3423,5523_1,
3424,6593_1,
3425,3699_10,
3426,8832_7,
3427,4525_8,
3428,2306_1,
3429,11957_1,
3430,581_10,
3431,736_4,
3432,5863_1,
3433,9017_3,
3434,7940_1,
3435,10418_1,
3436,2804_8,
3437,8823_1,
3438,11045_9,
3439,8769_7,
3440,5567_7,
3441,12302_7,
3442,8095_8,
3443,11272_10,
3444,10960_8,
3445,1834_8,
3446,4582_7,
3447,961_9,
3448,3391_7,
3449,4688_3,
3450,4224_4,
3451,4723_1,
3452,12182_8,
3453,3_10,
3454,11345_2,
3455,11370_1,
3456,11377_9,
3457,4171_4,
3458,3928_3,
3459,9047_4,
3460,11512_1,
3461,3085_1,
3462,5164_10,
3463,9127_1,
3464,707_3,
3465,12456_10,
3466,3416_4,
3467,8148_8,
3468,5234_10,
3469,12493_1,
3470,4951_1,
3471,10109_10,
3472,4040_8,
3473,6470_3,
3474,6031_3,
3475,12050_10,
3476,7123_10,
3477,5706_2,
3478,10591_10,
3479,8985_9,
3480,10077_10,
3481,2106_10,
3482,171_1,
3483,9205_1,
3484,11178_7,
3485,7758_4,
3486,9415_4,
3487,7849_9,
3488,2097_4,
3489,11304_7,
3490,5553_4,
3491,1977_1,
3492,10579_10,
3493,10992_10,
3494,4728_1,
3495,4180_10,
3496,7531_4,
3497,4657_10,
3498,4142_1,
3499,4111_10,
3500,11988_4,
3501,7310_1,
3502,9903_9,
3503,2140_10,
3504,10673_10,
3505,10959_10,
3506,3549_3,
3507,2330_4,
3508,5573_2,
3509,7552_10,
3510,9319_8,
3511,12249_8,
3512,3375_3,
3513,3785_3,
3514,11141_10,
3515,4914_1,
3516,10843_1,
3517,10161_2,
3518,11697_10,
3519,9666_10,
3520,1649_1,
3521,9581_2,
3522,5153_8,
3523,1402_4,
3524,3097_9,
3525,9655_1,
3526,4023_3,
3527,1777_3,
3528,4751_8,
3529,12062_4,
3530,2402_7,
3531,7583_7,
3532,5520_9,
3533,7287_2,
3534,10916_3,
3535,11476_10,
3536,2690_9,
3537,4563_8,
3538,8862_3,
3539,10534_7,
3540,2407_2,
3541,7692_2,
3542,3169_8,
3543,5816_3,
3544,12484_8,
3545,5578_10,
3546,4457_8,
3547,3778_3,
3548,10536_4,
3549,2541_1,
3550,1221_4,
3551,5800_2,
3552,1255_3,
3553,1210_8,
3554,1776_1,
3555,6936_2,
3556,759_1,
3557,5451_8,
3558,2100_7,
3559,10401_10,
3560,10053_4,
3561,5376_7,
3562,7744_10,
3563,6399_7,
3564,12488_8,
3565,1401_3,
3566,10993_1,
3567,7836_8,
3568,5439_2,
3569,1227_8,
3570,11186_2,
3571,9238_4,
3572,9675_8,
3573,10875_2,
3574,11425_1,
3575,7946_4,
3576,962_2,
3577,11876_10,
3578,3316_10,
3579,9763_4,
3580,4178_4,
3581,8055_8,
3582,4528_8,
3583,9579_4,
3584,889_3,
3585,4796_1,
3586,229_1,
3587,1574_9,
3588,7174_9,
3589,4975_8,
3590,2099_10,
3591,1472_8,
3592,9550_7,
3593,5193_9,
3594,7773_10,
3595,7511_9,
3596,2849_7,
3597,9242_10,
3598,9341_4,
3599,2744_3,
3600,1570_8,
3601,3129_1,
3602,9752_1,
3603,503_2,
3604,10196_1,
3605,11247_2,
3606,12049_10,
3607,5458_4,
3608,4313_9,
3609,6721_3,
3610,5285_7,
3611,7377_9,
3612,3827_10,
3613,6170_10,
3614,685_1,
3615,11531_10,
3616,1358_4,
3617,6693_1,
3618,331_1,
3619,4272_2,
3620,11791_8,
3621,1280_4,
3622,1819_9,
3623,2649_7,
3624,5047_8,
3625,4192_10,
3626,3225_10,
3627,8597_1,
3628,3862_9,
3629,10715_8,
3630,8259_9,
3631,475_10,
3632,1237_8,
3633,2351_10,
3634,2777_2,
3635,12490_1,
3636,8850_4,
3637,5167_3,
3638,7509_8,
3639,12318_1,
3640,11895_1,
3641,8796_8,
3642,9226_8,
3643,3772_10,
3644,7719_9,
3645,539_4,
3646,9929_7,
3647,7958_10,
3648,1295_10,
3649,6273_9,
3650,4531_8,
3651,4624_4,
3652,2623_1,
3653,9521_10,
3654,8052_9,
3655,4596_2,
3656,1648_10,
3657,7_3,
3658,6140_2,
3659,6188_9,
3660,2688_1,
3661,3685_3,
3662,5483_2,
3663,5585_1,
3664,3518_1,
3665,11737_8,
3666,8476_10,
3667,6316_2,
3668,10229_3,
3669,7800_8,
3670,8972_10,
3671,10092_8,
3672,8033_1,
3673,6666_7,
3674,7635_1,
3675,9598_10,
3676,10951_1,
3677,7642_1,
3678,4612_10,
3679,4990_1,
3680,1043_3,
3681,6462_2,
3682,6835_2,
3683,8269_1,
3684,6545_4,
3685,2418_2,
3686,3315_10,
3687,7093_1,
3688,7160_1,
3689,3151_2,
3690,8596_7,
3691,940_1,
3692,8102_7,
3693,8394_1,
3694,1829_1,
3695,6756_10,
3696,2353_10,
3697,1490_1,
3698,9401_1,
3699,1138_10,
3700,4018_7,
3701,10335_8,
3702,9631_4,
3703,2406_2,
3704,1032_7,
3705,5987_8,
3706,2722_8,
3707,1787_2,
3708,4822_9,
3709,5987_1,
3710,10877_10,
3711,2251_8,
3712,7007_4,
3713,8025_9,
3714,6176_9,
3715,1898_9,
3716,530_10,
3717,2577_10,
3718,11725_4,
3719,11295_9,
3720,12180_10,
3721,6259_8,
3722,4204_10,
3723,2607_1,
3724,8390_8,
3725,7032_3,
3726,748_1,
3727,3321_7,
3728,9414_3,
3729,12093_8,
3730,10133_7,
3731,6359_4,
3732,9637_2,
3733,6850_7,
3734,1330_1,
3735,7211_1,
3736,5746_1,
3737,12161_3,
3738,4861_1,
3739,10635_1,
3740,3620_1,
3741,4451_1,
3742,6702_8,
3743,8087_8,
3744,2235_10,
3745,11347_3,
3746,7375_7,
3747,5687_7,
3748,10797_8,
3749,10842_7,
3750,1350_9,
3751,9123_10,
3752,5344_7,
3753,9767_3,
3754,12436_3,
3755,9015_8,
3756,5117_10,
3757,1414_10,
3758,6354_1,
3759,10868_3,
3760,1093_2,
3761,12085_8,
3762,11556_7,
3763,8526_4,
3764,1943_10,
3765,1001_8,
3766,6732_4,
3767,2186_1,
3768,3667_8,
3769,8267_7,
3770,7577_4,
3771,7253_10,
3772,4877_9,
3773,9436_2,
3774,4362_7,
3775,7294_1,
3776,12343_2,
3777,11980_10,
3778,5239_3,
3779,612_10,
3780,7016_7,
3781,6969_2,
3782,4845_1,
3783,12378_1,
3784,7135_10,
3785,9212_1,
3786,388_1,
3787,9519_3,
3788,7562_10,
3789,4475_1,
3790,11196_7,
3791,8710_7,
3792,7928_10,
3793,10637_10,
3794,12206_2,
3795,7875_7,
3796,4782_9,
3797,983_7,
3798,7776_1,
3799,4673_1,
3800,11099_10,
3801,6417_1,
3802,11080_1,
3803,4211_8,
3804,9999_8,
3805,12030_9,
3806,8920_10,
3807,7154_3,
3808,12266_4,
3809,5911_9,
3810,3125_1,
3811,53_10,
3812,4210_9,
3813,3545_7,
3814,7231_8,
3815,9240_10,
3816,7424_10,
3817,7094_1,
3818,9306_1,
3819,11251_2,
3820,12036_1,
3821,1039_9,
3822,7793_10,
3823,11618_1,
3824,7511_1,
3825,2916_9,
3826,7182_1,
3827,8191_4,
3828,2336_10,
3829,8911_8,
3830,1540_10,
3831,4226_3,
3832,5852_3,
3833,6358_1,
3834,4920_4,
3835,1316_9,
3836,1087_1,
3837,2895_9,
3838,7707_9,
3839,2161_10,
3840,3962_4,
3841,12418_10,
3842,9226_4,
3843,657_10,
3844,1951_1,
3845,11279_1,
3846,9103_10,
3847,915_10,
3848,5349_7,
3849,6112_7,
3850,4947_8,
3851,6121_10,
3852,3079_10,
3853,7426_1,
3854,84_3,
3855,5871_4,
3856,6523_1,
3857,3984_7,
3858,6595_2,
3859,4840_4,
3860,1124_10,
3861,1040_10,
3862,10009_9,
3863,1900_8,
3864,5622_10,
3865,5802_10,
3866,5232_8,
3867,8892_10,
3868,331_10,
3869,6070_8,
3870,3728_10,
3871,12244_1,
3872,11040_7,
3873,4957_8,
3874,1669_8,
3875,6567_2,
3876,11296_3,
3877,9883_8,
3878,1811_10,
3879,6117_10,
3880,6911_10,
3881,3286_10,
3882,2457_2,
3883,370_1,
3884,4662_4,
3885,4949_3,
3886,12236_2,
3887,6492_10,
3888,5455_1,
3889,6682_10,
3890,4670_9,
3891,10028_2,
3892,3177_9,
3893,7930_7,
3894,5778_9,
3895,8106_7,
3896,2613_2,
3897,243_3,
3898,2486_10,
3899,8070_8,
3900,9182_10,
3901,9331_9,
3902,11760_8,
3903,11147_9,
3904,11002_1,
3905,10433_4,
3906,920_10,
3907,2734_9,
3908,7441_7,
3909,11482_9,
3910,8122_3,
3911,5005_1,
3912,5632_8,
3913,2876_10,
3914,8827_8,
3915,10778_3,
3916,8946_1,
3917,6878_8,
3918,2207_3,
3919,747_1,
3920,6932_4,
3921,2678_8,
3922,2664_1,
3923,6243_1,
3924,6575_8,
3925,4174_9,
3926,10625_7,
3927,10464_7,
3928,10244_7,
3929,10056_8,
3930,86_4,
3931,10891_7,
3932,8333_9,
3933,6233_9,
3934,9088_4,
3935,9212_9,
3936,4786_10,
3937,240_1,
3938,10378_8,
3939,6610_8,
3940,12387_10,
3941,94_1,
3942,750_1,
3943,6608_1,
3944,37_3,
3945,9371_7,
3946,9061_7,
3947,6656_10,
3948,6445_10,
3949,3211_7,
3950,4123_7,
3951,12288_9,
3952,3804_10,
3953,7955_10,
3954,7230_1,
3955,10506_1,
3956,2467_4,
3957,6874_8,
3958,264_7,
3959,11731_10,
3960,149_10,
3961,5398_8,
3962,8780_10,
3963,6416_4,
3964,1941_1,
3965,2674_7,
3966,10222_9,
3967,3970_2,
3968,7492_1,
3969,2088_8,
3970,9090_1,
3971,7210_1,
3972,4950_3,
3973,9993_4,
3974,434_4,
3975,10282_2,
3976,992_7,
3977,1042_1,
3978,954_10,
3979,6347_3,
3980,1491_9,
3981,5200_10,
3982,8683_1,
3983,1577_9,
3984,6596_1,
3985,7608_10,
3986,6790_3,
3987,4808_8,
3988,11547_9,
3989,6597_1,
3990,12160_4,
3991,8679_4,
3992,10311_3,
3993,11373_8,
3994,9797_7,
3995,1661_8,
3996,1119_10,
3997,7889_3,
3998,4873_8,
3999,4779_1,
4000,7853_9,
4001,10402_1,
4002,12281_2,
4003,1209_10,
4004,3898_10,
4005,6202_1,
4006,11747_8,
4007,5520_1,
4008,5811_9,
4009,8160_1,
4010,8241_2,
4011,998_2,
4012,2529_2,
4013,9245_8,
4014,5818_7,
4015,939_10,
4016,4055_3,
4017,5662_10,
4018,11663_8,
4019,460_2,
4020,8802_3,
4021,11683_3,
4022,11386_8,
4023,10157_10,
4024,9149_9,
4025,5242_7,
4026,571_10,
4027,1923_10,
4028,2607_9,
4029,2064_1,
4030,10715_4,
4031,2247_10,
4032,3763_3,
4033,884_4,
4034,6263_1,
4035,4340_8,
4036,9574_9,
4037,5699_1,
4038,10209_3,
4039,5915_1,
4040,12303_9,
4041,3112_7,
4042,7021_10,
4043,3590_8,
4044,11263_10,
4045,709_10,
4046,9872_10,
4047,7568_10,
4048,10057_9,
4049,9875_7,
4050,4274_10,
4051,5979_3,
4052,656_10,
4053,9564_1,
4054,11854_7,
4055,1629_10,
4056,7398_10,
4057,9396_9,
4058,2921_10,
4059,9139_8,
4060,2579_8,
4061,11451_8,
4062,10733_7,
4063,10136_7,
4064,10696_3,
4065,8822_10,
4066,784_10,
4067,8091_9,
4068,12381_8,
4069,8597_9,
4070,951_2,
4071,4971_7,
4072,9395_2,
4073,11287_3,
4074,641_8,
4075,7624_4,
4076,4685_7,
4077,3105_3,
4078,12002_10,
4079,10405_8,
4080,7527_4,
4081,3432_8,
4082,9469_10,
4083,9478_1,
4084,12152_2,
4085,11824_1,
4086,10332_1,
4087,10990_7,
4088,10567_9,
4089,1080_9,
4090,5392_3,
4091,8386_1,
4092,1245_7,
4093,9384_8,
4094,6679_8,
4095,1539_10,
4096,11678_8,
4097,7140_10,
4098,9368_3,
4099,10099_10,
4100,304_4,
4101,11084_10,
4102,11368_1,
4103,5351_2,
4104,4452_8,
4105,1203_4,
4106,3075_1,
4107,2595_9,
4108,3916_3,
4109,8877_9,
4110,10012_1,
4111,9080_3,
4112,10481_2,
4113,1989_1,
4114,3501_1,
4115,2411_9,
4116,1633_9,
4117,1642_10,
4118,6590_9,
4119,4854_1,
4120,10839_2,
4121,5843_3,
4122,3816_7,
4123,9144_7,
4124,732_1,
4125,3659_3,
4126,10286_1,
4127,11434_2,
4128,2058_1,
4129,10404_9,
4130,7152_9,
4131,4255_9,
4132,6586_10,
4133,4246_4,
4134,10734_10,
4135,10844_9,
4136,1070_1,
4137,2990_10,
4138,10673_2,
4139,5364_10,
4140,2265_7,
4141,9645_8,
4142,5575_8,
4143,15_1,
4144,5649_2,
4145,8111_3,
4146,7902_4,
4147,3368_1,
4148,823_9,
4149,5136_10,
4150,1891_8,
4151,8582_1,
4152,6832_10,
4153,9667_2,
4154,7868_3,
4155,6962_1,
4156,9991_4,
4157,4889_10,
4158,4288_9,
4159,2431_1,
4160,10993_10,
4161,11615_9,
4162,1393_2,
4163,5235_1,
4164,7667_7,
4165,3976_1,
4166,9651_9,
4167,8252_9,
4168,10688_1,
4169,10269_7,
4170,4760_7,
4171,9516_8,
4172,7218_9,
4173,3033_8,
4174,10501_10,
4175,1660_4,
4176,3425_8,
4177,7727_3,
4178,10856_8,
4179,4250_3,
4180,2046_1,
4181,10471_10,
4182,7333_10,
4183,5138_1,
4184,6559_1,
4185,1983_1,
4186,3689_8,
4187,964_8,
4188,9525_1,
4189,8917_2,
4190,1805_1,
4191,1408_2,
4192,11731_4,
4193,6641_8,
4194,11182_3,
4195,11244_4,
4196,6249_7,
4197,5418_10,
4198,9643_10,
4199,945_2,
4200,8573_10,
4201,2487_1,
4202,3086_10,
4203,4552_9,
4204,9461_1,
4205,608_8,
4206,270_10,
4207,888_8,
4208,12251_3,
4209,3488_7,
4210,6768_8,
4211,12013_10,
4212,6760_2,
4213,5204_8,
4214,10049_1,
4215,5187_1,
4216,9336_4,
4217,5364_3,
4218,3314_1,
4219,5612_1,
4220,873_1,
4221,577_8,
4222,10913_7,
4223,7651_1,
4224,2826_10,
4225,3191_1,
4226,8697_2,
4227,10548_3,
4228,282_9,
4229,2630_3,
4230,5684_1,
4231,572_9,
4232,8039_8,
4233,7446_8,
4234,4893_10,
4235,6837_10,
4236,5779_10,
4237,11912_2,
4238,2361_10,
4239,6497_10,
4240,11231_10,
4241,12026_8,
4242,7494_10,
4243,4489_9,
4244,6905_1,
4245,4662_8,
4246,11017_4,
4247,8349_1,
4248,5168_1,
4249,4019_7,
4250,3815_7,
4251,521_10,
4252,2545_8,
4253,4501_7,
4254,11044_7,
4255,10694_7,
4256,762_9,
4257,6791_10,
4258,9053_2,
4259,6066_10,
4260,11209_8,
4261,3642_1,
4262,7533_10,
4263,11464_10,
4264,8229_10,
4265,7533_3,
4266,9256_10,
4267,6800_9,
4268,1849_1,
4269,6394_1,
4270,6019_8,
4271,8055_3,
4272,3571_1,
4273,19_4,
4274,9344_8,
4275,10500_10,
4276,2868_7,
4277,2255_4,
4278,11197_1,
4279,4881_9,
4280,11938_3,
4281,10017_4,
4282,1994_2,
4283,5855_9,
4284,2712_2,
4285,2719_4,
4286,10602_10,
4287,11337_10,
4288,11452_1,
4289,4168_4,
4290,110_1,
4291,10294_8,
4292,11527_1,
4293,6003_2,
4294,12109_4,
4295,623_3,
4296,12269_8,
4297,11072_8,
4298,6816_7,
4299,11999_3,
4300,11259_10,
4301,3606_9,
4302,5936_10,
4303,4135_10,
4304,3046_10,
4305,2104_2,
4306,2253_2,
4307,2809_8,
4308,2636_9,
4309,10523_2,
4310,4891_1,
4311,10903_10,
4312,11099_4,
4313,7726_10,
4314,7217_1,
4315,8552_9,
4316,4193_3,
4317,5398_1,
4318,10648_4,
4319,7525_2,
4320,2283_4,
4321,1767_1,
4322,12059_9,
4323,6535_10,
4324,9791_9,
4325,6352_10,
4326,1530_2,
4327,11097_2,
4328,8330_1,
4329,10284_9,
4330,118_2,
4331,7336_2,
4332,886_8,
4333,9241_3,
4334,10871_7,
4335,687_9,
4336,3329_7,
4337,10152_9,
4338,12359_8,
4339,139_4,
4340,10532_4,
4341,2464_4,
4342,6700_1,
4343,9345_1,
4344,10567_2,
4345,10961_9,
4346,3281_10,
4347,9017_8,
4348,1666_2,
4349,2940_3,
4350,6406_4,
4351,7374_10,
4352,8819_1,
4353,8581_10,
4354,6710_1,
4355,8968_1,
4356,5865_1,
4357,395_1,
4358,6931_3,
4359,2360_10,
4360,12046_1,
4361,11693_7,
4362,9978_1,
4363,8831_4,
4364,3052_10,
4365,11601_8,
4366,6091_7,
4367,3356_4,
4368,2358_9,
4369,6334_8,
4370,6757_4,
4371,11307_1,
4372,9657_10,
4373,7652_3,
4374,584_8,
4375,891_10,
4376,12377_10,
4377,5756_8,
4378,12009_10,
4379,12087_1,
4380,2918_3,
4381,9262_3,
4382,8441_10,
4383,6623_7,
4384,1764_10,
4385,9517_10,
4386,12003_10,
4387,4809_3,
4388,3256_4,
4389,9528_9,
4390,9867_10,
4391,7627_4,
4392,6395_3,
4393,1541_8,
4394,12351_4,
4395,4848_4,
4396,8400_2,
4397,6785_8,
4398,406_8,
4399,9416_10,
4400,4799_10,
4401,236_1,
4402,6494_10,
4403,11710_4,
4404,1449_9,
4405,4629_10,
4406,6139_1,
4407,5566_2,
4408,4761_4,
4409,4556_2,
4410,505_9,
4411,9236_1,
4412,3660_1,
4413,5615_8,
4414,10426_9,
4415,872_9,
4416,5452_4,
4417,6859_7,
4418,10608_2,
4419,10395_8,
4420,1616_4,
4421,291_10,
4422,4481_1,
4423,1214_3,
4424,5001_7,
4425,5211_4,
4426,55_9,
4427,12452_1,
4428,8191_8,
4429,9841_4,
4430,10497_4,
4431,3422_1,
4432,7685_10,
4433,10658_4,
4434,7521_7,
4435,3447_1,
4436,149_1,
4437,6555_2,
4438,12285_4,
4439,2636_1,
4440,11358_9,
4441,4421_8,
4442,7108_3,
4443,9833_8,
4444,10614_1,
4445,1731_10,
4446,3489_2,
4447,10084_10,
4448,3807_4,
4449,7382_2,
4450,486_1,
4451,5387_3,
4452,11004_1,
4453,5662_3,
4454,5687_1,
4455,5066_8,
4456,10889_10,
4457,6233_4,
4458,3340_8,
4459,11264_1,
4460,9502_3,
4461,1085_7,
4462,5268_1,
4463,6801_9,
4464,1932_10,
4465,4466_2,
4466,11528_7,
4467,4714_10,
4468,10316_3,
4469,236_9,
4470,7972_1,
4471,10682_1,
4472,11380_7,
4473,2893_10,
4474,11461_1,
4475,9317_8,
4476,2527_9,
4477,10258_10,
4478,6481_10,
4479,2588_3,
4480,2448_8,
4481,8714_10,
4482,5570_10,
4483,659_1,
4484,4272_10,
4485,10879_1,
4486,144_2,
4487,6550_4,
4488,10984_10,
4489,1100_3,
4490,1194_1,
4491,9564_10,
4492,8542_2,
4493,3585_2,
4494,12171_7,
4495,4262_10,
4496,8435_1,
4497,3852_2,
4498,5956_3,
4499,8638_7,
4500,12124_1,
4501,10538_8,
4502,4912_4,
4503,6673_2,
4504,11627_1,
4505,10169_2,
4506,7031_10,
4507,3272_8,
4508,10674_1,
4509,11592_10,
4510,8678_9,
4511,9924_9,
4512,3039_1,
4513,11436_9,
4514,10831_7,
4515,8606_2,
4516,9056_1,
4517,6944_9,
4518,9290_9,
4519,1851_10,
4520,2367_8,
4521,145_2,
4522,8254_1,
4523,5334_7,
4524,3548_3,
4525,6566_8,
4526,11005_10,
4527,5059_7,
4528,8583_4,
4529,7207_1,
4530,10449_9,
4531,9492_4,
4532,5175_2,
4533,9263_1,
4534,9772_10,
4535,4342_10,
4536,5592_2,
4537,1249_9,
4538,2285_1,
4539,9258_10,
4540,2671_7,
4541,1462_1,
4542,10754_4,
4543,7743_8,
4544,7114_4,
4545,2676_1,
4546,3190_7,
4547,5936_3,
4548,10968_7,
4549,9563_9,
4550,12252_10,
4551,6651_1,
4552,11789_1,
4553,1211_7,
4554,2458_8,
4555,178_7,
4556,2920_8,
4557,5932_2,
4558,12485_8,
4559,7927_10,
4560,4764_1,
4561,3958_7,
4562,2929_10,
4563,10650_1,
4564,7698_1,
4565,11141_1,
4566,4268_1,
4567,2108_10,
4568,5996_3,
4569,3941_9,
4570,7045_1,
4571,8208_8,
4572,984_7,
4573,9830_2,
4574,11608_1,
4575,2120_8,
4576,6138_1,
4577,11175_2,
4578,10499_1,
4579,7190_4,
4580,4361_2,
4581,2647_4,
4582,6310_10,
4583,4919_3,
4584,2111_2,
4585,432_8,
4586,8802_7,
4587,11881_9,
4588,9955_9,
4589,11062_2,
4590,6747_1,
4591,8886_3,
4592,11540_10,
4593,5814_8,
4594,2381_9,
4595,7759_3,
4596,3630_4,
4597,9495_8,
4598,8196_8,
4599,7166_2,
4600,10633_1,
4601,319_1,
4602,8713_10,
4603,2486_3,
4604,6811_10,
4605,11744_9,
4606,7369_1,
4607,12081_1,
4608,3561_4,
4609,4489_1,
4610,3951_2,
4611,3304_10,
4612,9607_4,
4613,4574_1,
4614,9526_2,
4615,4900_8,
4616,5641_7,
4617,261_8,
4618,5784_8,
4619,1742_7,
4620,375_2,
4621,9945_8,
4622,3888_3,
4623,4948_2,
4624,12073_9,
4625,584_3,
4626,3991_7,
4627,6227_7,
4628,8715_10,
4629,210_4,
4630,8199_10,
4631,2899_1,
4632,803_10,
4633,10911_1,
4634,9821_8,
4635,6398_8,
4636,2886_1,
4637,6719_2,
4638,11537_4,
4639,2254_1,
4640,524_10,
4641,5631_8,
4642,12185_3,
4643,2397_4,
4644,9658_3,
4645,6818_10,
4646,5787_4,
4647,9785_3,
4648,12331_8,
4649,4764_10,
4650,11679_7,
4651,1062_10,
4652,9501_2,
4653,11032_7,
4654,9006_4,
4655,4146_10,
4656,11744_1,
4657,365_10,
4658,4529_8,
4659,3176_4,
4660,5975_1,
4661,10969_10,
4662,4294_2,
4663,6644_8,
4664,12327_1,
4665,8281_7,
4666,7293_3,
4667,2907_7,
4668,879_2,
4669,12031_7,
4670,11921_2,
4671,4157_8,
4672,3636_1,
4673,10167_7,
4674,9948_8,
4675,10954_10,
4676,5122_3,
4677,533_2,
4678,9447_1,
4679,9984_9,
4680,2784_1,
4681,9595_10,
4682,3659_9,
4683,7850_8,
4684,6844_10,
4685,6926_10,
4686,1156_9,
4687,4606_3,
4688,10296_8,
4689,7091_1,
4690,12492_7,
4691,2245_4,
4692,6075_2,
4693,9036_10,
4694,10775_8,
4695,5370_7,
4696,9586_3,
4697,12307_10,
4698,9213_7,
4699,10241_8,
4700,4453_10,
4701,2484_10,
4702,691_3,
4703,7636_2,
4704,3459_4,
4705,10644_3,
4706,4587_1,
4707,8914_8,
4708,11760_2,
4709,5509_10,
4710,8628_4,
4711,8190_4,
4712,5747_8,
4713,5997_9,
4714,1897_10,
4715,1328_10,
4716,8660_1,
4717,6705_10,
4718,11140_1,
4719,1635_7,
4720,7601_4,
4721,7741_9,
4722,1141_10,
4723,6953_7,
4724,7827_10,
4725,12220_8,
4726,1195_1,
4727,2243_4,
4728,2447_10,
4729,4299_8,
4730,8683_9,
4731,9064_4,
4732,6187_2,
4733,9263_8,
4734,10222_4,
4735,302_4,
4736,8063_10,
4737,3316_2,
4738,10986_1,
4739,10692_8,
4740,5714_1,
4741,7155_3,
4742,5678_1,
4743,7093_10,
4744,7852_9,
4745,12361_7,
4746,699_4,
4747,2116_10,
4748,57_4,
4749,8469_7,
4750,8617_9,
4751,7961_10,
4752,5145_4,
4753,11790_1,
4754,356_4,
4755,12001_1,
4756,7347_1,
4757,11058_10,
4758,1265_2,
4759,905_10,
4760,7391_2,
4761,4459_7,
4762,1251_4,
4763,4533_3,
4764,8380_9,
4765,1652_3,
4766,7124_8,
4767,5210_10,
4768,5390_9,
4769,10588_10,
4770,6245_1,
4771,5125_7,
4772,4838_10,
4773,9179_3,
4774,3110_1,
4775,10059_10,
4776,7355_10,
4777,2384_1,
4778,4640_3,
4779,5106_4,
4780,12026_1,
4781,3679_7,
4782,7845_10,
4783,7984_1,
4784,3519_7,
4785,9587_3,
4786,4108_2,
4787,9083_8,
4788,3673_3,
4789,7092_1,
4790,4476_9,
4791,7036_10,
4792,6183_7,
4793,2993_10,
4794,9403_1,
4795,3880_8,
4796,691_9,
4797,10711_10,
4798,11390_10,
4799,7884_1,
4800,454_8,
4801,4653_2,
4802,3238_1,
4803,3692_1,
4804,10883_7,
4805,4308_1,
4806,1065_10,
4807,8412_4,
4808,2604_8,
4809,7261_3,
4810,11075_10,
4811,11438_10,
4812,3107_8,
4813,5937_4,
4814,3397_4,
4815,9174_4,
4816,5259_1,
4817,11913_10,
4818,10936_8,
4819,2903_1,
4820,5813_4,
4821,8062_8,
4822,1324_7,
4823,12125_1,
4824,7201_1,
4825,5669_10,
4826,4332_10,
4827,3481_10,
4828,5016_1,
4829,1375_1,
4830,5559_1,
4831,8442_9,
4832,1333_1,
4833,6384_2,
4834,11939_4,
4835,7243_2,
4836,7860_10,
4837,1835_2,
4838,1064_10,
4839,3768_10,
4840,7057_9,
4841,4176_10,
4842,7461_10,
4843,11117_10,
4844,730_1,
4845,9118_10,
4846,5113_10,
4847,9933_1,
4848,2197_7,
4849,4640_10,
4850,9365_9,
4851,9703_9,
4852,8109_10,
4853,9802_10,
4854,3067_1,
4855,9915_2,
4856,10114_1,
4857,5048_9,
4858,12215_10,
4859,6182_7,
4860,10005_7,
4861,11710_10,
4862,12002_1,
4863,7668_10,
4864,6958_7,
4865,9083_1,
4866,6615_8,
4867,7980_10,
4868,6303_8,
4869,9280_9,
4870,2041_2,
4871,3161_10,
4872,7532_4,
4873,1397_7,
4874,1184_3,
4875,7061_1,
4876,3402_2,
4877,11416_10,
4878,9389_7,
4879,9251_9,
4880,1422_10,
4881,7415_2,
4882,7492_7,
4883,7689_10,
4884,12370_4,
4885,5625_8,
4886,9397_9,
4887,5992_7,
4888,2488_10,
4889,9627_10,
4890,3822_2,
4891,5983_4,
4892,8021_2,
4893,3471_3,
4894,6034_10,
4895,1988_9,
4896,7623_9,
4897,5974_7,
4898,2034_9,
4899,9416_3,
4900,10994_1,
4901,10957_3,
4902,2372_1,
4903,3453_3,
4904,5064_1,
4905,10905_3,
4906,10194_3,
4907,8478_8,
4908,8001_10,
4909,376_4,
4910,8352_9,
4911,5963_3,
4912,4737_3,
4913,2594_3,
4914,9224_3,
4915,8219_1,
4916,12254_2,
4917,12256_4,
4918,3284_10,
4919,12251_9,
4920,9722_2,
4921,6996_4,
4922,6418_10,
4923,5415_10,
4924,2047_1,
4925,8592_7,
4926,4226_10,
4927,90_7,
4928,811_10,
4929,9001_1,
4930,8501_1,
4931,10350_10,
4932,3049_9,
4933,5879_10,
4934,1365_8,
4935,1110_4,
4936,1228_9,
4937,7383_1,
4938,11699_1,
4939,6067_10,
4940,7247_4,
4941,2456_8,
4942,10232_1,
4943,5813_8,
4944,10646_8,
4945,4682_9,
4946,4152_1,
4947,1020_10,
4948,10933_1,
4949,6772_4,
4950,7495_2,
4951,7329_3,
4952,3437_1,
4953,11755_7,
4954,8634_9,
4955,6308_8,
4956,7761_2,
4957,794_8,
4958,8347_10,
4959,7357_10,
4960,10317_7,
4961,11541_10,
4962,1692_8,
4963,2346_4,
4964,11815_10,
4965,5583_4,
4966,827_7,
4967,1578_8,
4968,1231_7,
4969,5098_9,
4970,607_3,
4971,8346_1,
4972,6776_7,
4973,8530_1,
4974,6730_10,
4975,6413_3,
4976,9731_4,
4977,2851_4,
4978,6572_3,
4979,4810_3,
4980,8827_4,
4981,2880_1,
4982,11485_2,
4983,4112_9,
4984,5541_9,
4985,10637_2,
4986,1115_1,
4987,369_10,
4988,7107_2,
4989,12262_7,
4990,11035_8,
4991,4780_9,
4992,4936_1,
4993,10526_3,
4994,6055_1,
4995,1326_10,
4996,4212_10,
4997,10458_10,
4998,10029_10,
4999,1730_10,
